{"type":"FeatureCollection","features":[{"type":"Feature","geometry":{"type":"Polygon","coordinates":[[[19.496,12.109],[19.465,12.123],[19.313,11.982],[19.341,11.855],[19.256,11.726],[19.215,11.638],[19.088,11.6],[19.055,11.689],[18.902,11.692],[18.874,11.477],[18.8785,11.4395],[18.883,11.402],[18.902,11.331],[18.9658,11.3135],[19.001,11.273],[19.056,11.245],[19.0825,11.235],[19.13,11.217],[19.192,11.187],[19.2093,11.184],[19.2265,11.181],[19.2379,11.1792],[19.261,11.154],[19.313,11.135],[19.405,11.104],[19.479,11.048],[19.57,11.034],[19.628,11.014],[19.657,11.003],[19.694,11.001],[19.706,10.942],[19.737,10.911],[19.707,10.873],[19.726,10.717],[19.7019,10.5872],[19.7019,10.5872],[19.635,10.289],[19.692,10.267],[19.681,10.213],[19.6504,10.1602],[19.6481,10.1561],[19.648,10.156],[19.654,10.097],[19.654,10.097],[19.6131,10.0671],[19.613,10.067],[19.6567,9.9996],[19.695,9.911],[19.7931,9.6409],[19.8338,9.5243],[19.923,9.269],[19.9821,9.1088],[19.9842,9.1046],[19.9844,9.1041],[19.9857,9.102],[19.9881,9.0981],[19.9979,9.1164],[19.9979,9.1164],[20.0,9.1133],[20.0045,9.1067],[20.0071,9.1029],[20.0087,9.1045],[20.0091,9.1049],[20.0091,9.1049],[20.0097,9.1069],[20.0113,9.1116],[20.0113,9.1116],[20.0102,9.1191],[20.0106,9.1237],[20.011,9.1242],[20.0124,9.1261],[20.0182,9.1277],[20.0182,9.1277],[20.0182,9.1278],[20.02,9.1276],[20.0298,9.127],[20.0358,9.1282],[20.0358,9.1282],[20.0365,9.1291],[20.0469,9.1404],[20.0483,9.1409],[20.0527,9.1425],[20.0578,9.1417],[20.0672,9.1352],[20.0713,9.1324],[20.0759,9.1328],[20.0762,9.1328],[20.0815,9.1333],[20.0881,9.1389],[20.0881,9.1389],[20.0935,9.1498],[20.1015,9.1566],[20.1049,9.1564],[20.1067,9.1549],[20.1089,9.1532],[20.1123,9.1472],[20.1132,9.1457],[20.1138,9.1452],[20.1139,9.1452],[20.1174,9.1425],[20.1186,9.1421],[20.1306,9.1381],[20.1332,9.1381],[20.1392,9.138],[20.1475,9.1407],[20.1475,9.1407],[20.1484,9.1404],[20.1528,9.139],[20.1799,9.1375],[20.1879,9.1386],[20.1912,9.1391],[20.1914,9.1393],[20.2074,9.1506],[20.2212,9.1518],[20.2213,9.1518],[20.2294,9.1471],[20.2387,9.1459],[20.2455,9.1356],[20.2477,9.1323],[20.2624,9.1245],[20.264,9.1241],[20.2652,9.1239],[20.2736,9.1221],[20.2807,9.1222],[20.2814,9.1222],[20.2842,9.1221],[20.3034,9.1215],[20.3181,9.1236],[20.3192,9.1239],[20.3246,9.1255],[20.3281,9.1289],[20.3319,9.1325],[20.3341,9.1329],[20.3367,9.1333],[20.3463,9.1276],[20.3496,9.1279],[20.3532,9.1282],[20.3648,9.1337],[20.378,9.14],[20.3799,9.1416],[20.3818,9.1432],[20.3878,9.1484],[20.3903,9.1495],[20.3929,9.1506],[20.4014,9.1519],[20.4104,9.1533],[20.4342,9.1539],[20.4439,9.1595],[20.4503,9.1656],[20.4552,9.1725],[20.4559,9.1735],[20.4628,9.1964],[20.4681,9.2137],[20.4703,9.2212],[20.4827,9.2411],[20.4828,9.2411],[20.4829,9.2414],[20.4968,9.2697],[20.4981,9.2721],[20.4978,9.2765],[20.4977,9.2785],[20.4915,9.2922],[20.4912,9.2968],[20.4958,9.3042],[20.4962,9.3049],[20.4958,9.3071],[20.5055,9.3041],[20.5083,9.3033],[20.5182,9.3045],[20.5239,9.3076],[20.5269,9.3134],[20.5272,9.3169],[20.5275,9.3191],[20.5264,9.3242],[20.5248,9.332],[20.5248,9.332],[20.5286,9.3371],[20.5286,9.3371],[20.531,9.3372],[20.5347,9.3374],[20.5366,9.336],[20.5407,9.3333],[20.5407,9.3333],[20.5407,9.3333],[20.5435,9.3336],[20.5485,9.3373],[20.5534,9.3343],[20.5607,9.3297],[20.5674,9.3302],[20.5693,9.3318],[20.5715,9.3335],[20.5751,9.3402],[20.5758,9.3414],[20.5758,9.3414],[20.5781,9.343],[20.5808,9.3428],[20.5808,9.3428],[20.5809,9.3428],[20.5828,9.3414],[20.5841,9.3403],[20.585,9.3387],[20.5882,9.3328],[20.5882,9.3328],[20.5942,9.3294],[20.5976,9.3234],[20.5997,9.3198],[20.6031,9.3174],[20.6043,9.3165],[20.6278,9.3174],[20.6379,9.3178],[20.6379,9.3178],[20.6401,9.3223],[20.6406,9.3231],[20.6375,9.3263],[20.6285,9.3285],[20.6252,9.331],[20.6235,9.3346],[20.6259,9.3384],[20.6263,9.339],[20.6285,9.34],[20.6304,9.3409],[20.6304,9.3409],[20.6413,9.3399],[20.6413,9.3399],[20.6436,9.3408],[20.6477,9.3423],[20.6497,9.3459],[20.6502,9.3469],[20.6502,9.3469],[20.6509,9.3551],[20.652,9.3674],[20.6543,9.3733],[20.6628,9.3953],[20.6655,9.3973],[20.6669,9.3984],[20.6887,9.399],[20.6919,9.3991],[20.6919,9.3991],[20.7007,9.3957],[20.7012,9.3956],[20.7054,9.3954],[20.7095,9.3992],[20.7129,9.4024],[20.7192,9.402],[20.7289,9.3966],[20.7321,9.3971],[20.7329,9.3972],[20.7336,9.3973],[20.7404,9.4023],[20.7422,9.4021],[20.7451,9.4019],[20.7481,9.3994],[20.7537,9.3992],[20.7537,9.3992],[20.7542,9.3993],[20.7608,9.4011],[20.7678,9.4075],[20.7681,9.4079],[20.7695,9.413],[20.7699,9.4146],[20.7681,9.4208],[20.767,9.4246],[20.7681,9.4281],[20.7804,9.4294],[20.7826,9.4316],[20.7932,9.4417],[20.7982,9.4434],[20.804,9.443],[20.8044,9.4425],[20.8114,9.4348],[20.8174,9.428],[20.8196,9.4285],[20.8204,9.4287],[20.8273,9.4304],[20.8276,9.4384],[20.8277,9.4405],[20.8274,9.4414],[20.8267,9.444],[20.8266,9.4442],[20.8262,9.4458],[20.8248,9.4511],[20.8269,9.4628],[20.8318,9.4694],[20.8395,9.48],[20.8447,9.4844],[20.8452,9.4845],[20.8496,9.4856],[20.8534,9.4835],[20.8554,9.4825],[20.8563,9.4827],[20.8626,9.4841],[20.8645,9.4858],[20.8664,9.4874],[20.8658,9.4906],[20.8642,9.4977],[20.864,9.4989],[20.8688,9.5072],[20.8692,9.5075],[20.8692,9.5075],[20.8745,9.5114],[20.8753,9.5129],[20.8765,9.5151],[20.8765,9.5151],[20.8737,9.5201],[20.8737,9.5201],[20.8744,9.5226],[20.8745,9.5231],[20.8773,9.5252],[20.8949,9.5261],[20.8992,9.528],[20.8993,9.528],[20.8993,9.528],[20.9001,9.528],[20.9016,9.5281],[20.9065,9.5283],[20.9117,9.5266],[20.9153,9.5254],[20.9173,9.5269],[20.9194,9.5285],[20.9219,9.5333],[20.9219,9.5333],[20.9203,9.5374],[20.919,9.5406],[20.9195,9.545],[20.9244,9.5538],[20.9244,9.5545],[20.9244,9.5576],[20.9243,9.5641],[20.9259,9.5675],[20.9275,9.5711],[20.9297,9.5718],[20.9297,9.5718],[20.9312,9.5723],[20.9312,9.5723],[20.9367,9.5707],[20.9437,9.5639],[20.9442,9.5635],[20.9442,9.5635],[20.9479,9.5657],[20.9516,9.5679],[20.9528,9.5715],[20.9531,9.5725],[20.9543,9.576],[20.9547,9.5806],[20.9553,9.5868],[20.9542,9.5928],[20.9519,9.6045],[20.9501,9.6138],[20.9515,9.6164],[20.9545,9.6187],[20.9609,9.6192],[20.9783,9.6172],[20.9783,9.6172],[20.9817,9.6184],[20.988,9.6207],[20.9888,9.6223],[20.9907,9.6267],[20.989,9.6307],[20.9889,9.6309],[20.9874,9.6343],[20.9719,9.6357],[20.9686,9.6386],[20.9686,9.6386],[20.9684,9.6392],[20.9672,9.6425],[20.9699,9.6465],[20.9699,9.6465],[20.9703,9.6472],[20.972,9.6474],[20.9752,9.6479],[20.9808,9.6453],[20.9824,9.6445],[20.9889,9.6439],[20.9926,9.6452],[20.9937,9.6456],[20.9938,9.6456],[20.9962,9.6502],[20.9962,9.6502],[20.9948,9.6528],[20.9936,9.6548],[20.992,9.6554],[20.992,9.6554],[20.986,9.6574],[20.986,9.6575],[20.9858,9.6576],[20.9811,9.6611],[20.9815,9.6654],[20.987,9.671],[20.9936,9.6775],[20.995,9.6789],[20.9986,9.6849],[20.9986,9.6849],[20.9977,9.686],[20.9939,9.6906],[20.9913,9.692],[20.9876,9.694],[20.981,9.6947],[20.9742,9.6955],[20.9722,9.6965],[20.9697,9.6977],[20.9678,9.7023],[20.9679,9.7024],[20.9694,9.7057],[20.9722,9.706],[20.9732,9.7055],[20.9738,9.7051],[20.9808,9.7013],[21.0019,9.702],[21.0033,9.7041],[21.0044,9.7057],[21.0042,9.7061],[21.0008,9.7158],[20.9967,9.7218],[20.993,9.7272],[20.9917,9.7338],[20.9915,9.735],[20.9928,9.7393],[20.995,9.747],[20.995,9.7471],[21.0026,9.7396],[21.0103,9.7322],[21.0142,9.7309],[21.021,9.7286],[21.0258,9.7286],[21.0305,9.7285],[21.0363,9.732],[21.0376,9.7351],[21.0385,9.7376],[21.0384,9.739],[21.0383,9.741],[21.0295,9.7525],[21.0249,9.7584],[21.0249,9.7585],[21.0249,9.7585],[21.0243,9.7618],[21.0243,9.7619],[21.0239,9.765],[21.0254,9.7693],[21.0305,9.774],[21.0305,9.774],[21.034,9.7751],[21.0392,9.7766],[21.0442,9.7747],[21.0493,9.7728],[21.0543,9.7692],[21.0581,9.7665],[21.0632,9.7654],[21.0742,9.7786],[21.0764,9.7787],[21.0791,9.7789],[21.0808,9.7782],[21.0851,9.7764],[21.091,9.7767],[21.0925,9.7768],[21.1065,9.7845],[21.1077,9.7852],[21.1082,9.7857],[21.1085,9.7859],[21.1153,9.7919],[21.1181,9.8013],[21.1181,9.8013],[21.118,9.8016],[21.118,9.8021],[21.1177,9.8034],[21.1164,9.8118],[21.1174,9.8187],[21.1208,9.828],[21.1209,9.828],[21.1223,9.8321],[21.1223,9.8321],[21.1331,9.8479],[21.1361,9.8508],[21.1522,9.8663],[21.1772,9.8841],[21.1829,9.8907],[21.1838,9.8918],[21.1838,9.8918],[21.1901,9.89],[21.1924,9.891],[21.1926,9.8911],[21.1966,9.8938],[21.199,9.8953],[21.199,9.8953],[21.2004,9.8975],[21.2031,9.9014],[21.2044,9.9087],[21.2039,9.9109],[21.2039,9.911],[21.2007,9.9264],[21.2016,9.9282],[21.2025,9.9303],[21.2028,9.9308],[21.2028,9.9308],[21.2057,9.9324],[21.2118,9.9357],[21.2133,9.9408],[21.2133,9.9408],[21.2126,9.9477],[21.2148,9.9514],[21.2148,9.9514],[21.234,9.9578],[21.2375,9.9603],[21.2425,9.9654],[21.2425,9.9654],[21.2429,9.9693],[21.2429,9.9694],[21.2432,9.9696],[21.2494,9.9749],[21.2494,9.9749],[21.2513,9.9864],[21.2541,9.9904],[21.2611,9.993],[21.2628,9.9937],[21.2826,9.9856],[21.2844,9.9827],[21.287,9.9786],[21.2878,9.9772],[21.2878,9.9772],[21.2927,9.9754],[21.2944,9.9713],[21.2952,9.9705],[21.2979,9.9681],[21.3006,9.9689],[21.3018,9.9693],[21.3018,9.9693],[21.303,9.971],[21.3031,9.971],[21.3048,9.9734],[21.3095,9.99],[21.3095,9.99],[21.3096,9.99],[21.317,9.9853],[21.3182,9.9791],[21.3194,9.9736],[21.3208,9.9722],[21.3243,9.9709],[21.3301,9.9719],[21.3301,9.9719],[21.3319,9.97],[21.3364,9.9653],[21.3375,9.9649],[21.3406,9.9637],[21.3438,9.9646],[21.3476,9.9656],[21.3547,9.9703],[21.3579,9.9804],[21.3594,9.985],[21.3611,9.9873],[21.3624,9.989],[21.3624,9.989],[21.3642,9.9877],[21.3692,9.9844],[21.3729,9.9839],[21.3733,9.9838],[21.3764,9.9849],[21.3773,9.9852],[21.3773,9.9852],[21.3851,9.9917],[21.3925,9.9998],[21.3927,10.0],[21.3927,10.0001],[21.3938,10.0012],[21.396,10.013],[21.4022,10.0167],[21.404,10.0203],[21.4045,10.0213],[21.403,10.0301],[21.403,10.0301],[21.4037,10.0344],[21.4078,10.0411],[21.4106,10.0436],[21.416,10.0483],[21.4204,10.0502],[21.4235,10.0493],[21.4297,10.0473],[21.4304,10.0477],[21.432,10.0487],[21.4328,10.0528],[21.4331,10.0543],[21.4357,10.0573],[21.4375,10.0594],[21.4381,10.0628],[21.438,10.0669],[21.4378,10.0732],[21.4399,10.0776],[21.4414,10.0809],[21.4451,10.083],[21.4512,10.0831],[21.4514,10.0831],[21.4534,10.0831],[21.4534,10.0831],[21.454,10.0846],[21.455,10.087],[21.455,10.087],[21.4542,10.0912],[21.4525,10.0998],[21.4544,10.1058],[21.4548,10.1068],[21.4538,10.1107],[21.4538,10.1107],[21.4537,10.1107],[21.451,10.1125],[21.4494,10.1161],[21.4483,10.1186],[21.4501,10.1237],[21.4501,10.1237],[21.4504,10.1239],[21.4554,10.127],[21.4621,10.1285],[21.4674,10.1343],[21.469,10.1361],[21.4717,10.1438],[21.4716,10.144],[21.4716,10.144],[21.4712,10.1484],[21.4711,10.1486],[21.4681,10.1522],[21.4681,10.1522],[21.4759,10.1589],[21.4812,10.1634],[21.4812,10.1634],[21.4876,10.1646],[21.4876,10.1646],[21.491,10.1709],[21.4938,10.187],[21.5035,10.1871],[21.5045,10.1871],[21.5045,10.1871],[21.5052,10.1875],[21.5101,10.1899],[21.5106,10.1915],[21.5115,10.1946],[21.5229,10.2156],[21.5368,10.2269],[21.5385,10.2272],[21.5439,10.2279],[21.5477,10.2252],[21.5477,10.2252],[21.5519,10.2177],[21.5538,10.2142],[21.5538,10.2142],[21.5557,10.2132],[21.5559,10.2132],[21.5613,10.2104],[21.5613,10.2104],[21.5695,10.2126],[21.5697,10.2126],[21.5791,10.2152],[21.5819,10.215],[21.5847,10.2148],[21.5863,10.2133],[21.5867,10.213],[21.5887,10.2113],[21.5887,10.2113],[21.5891,10.2121],[21.5894,10.2125],[21.5908,10.2126],[21.5956,10.2129],[21.5964,10.213],[21.5975,10.213],[21.6103,10.218],[21.6105,10.2181],[21.6109,10.2182],[21.6224,10.2314],[21.6279,10.231],[21.6279,10.231],[21.6329,10.2274],[21.6368,10.2267],[21.6383,10.2269],[21.641,10.2272],[21.6447,10.2301],[21.6495,10.234],[21.6545,10.2334],[21.6683,10.2318],[21.6683,10.2318],[21.6689,10.2321],[21.6727,10.2337],[21.6747,10.2363],[21.6757,10.2376],[21.6756,10.2379],[21.6738,10.242],[21.6735,10.2423],[21.6696,10.247],[21.6686,10.2482],[21.6686,10.2482],[21.663,10.2495],[21.662,10.2511],[21.6607,10.2531],[21.6607,10.2531],[21.6635,10.2568],[21.6637,10.2571],[21.6637,10.2571],[21.6651,10.2573],[21.6753,10.259],[21.6772,10.26],[21.6776,10.2602],[21.6803,10.2616],[21.6825,10.2642],[21.6826,10.2644],[21.6826,10.2644],[21.682,10.265],[21.6756,10.2712],[21.6747,10.2744],[21.6747,10.2744],[21.6765,10.2781],[21.6765,10.2781],[21.6823,10.2788],[21.6845,10.2783],[21.6878,10.2775],[21.6939,10.276],[21.7016,10.2762],[21.7055,10.2763],[21.7097,10.2789],[21.7186,10.2942],[21.7195,10.2957],[21.7195,10.2957],[21.7215,10.2966],[21.7246,10.2978],[21.7246,10.2978],[21.7283,10.3018],[21.7303,10.3085],[21.7344,10.3126],[21.7349,10.3137],[21.7374,10.3202],[21.7374,10.3203],[21.733,10.3258],[21.7296,10.3301],[21.7242,10.3412],[21.7235,10.3427],[21.7231,10.3471],[21.7237,10.3481],[21.728,10.3567],[21.7408,10.3543],[21.7404,10.3672],[21.741,10.3708],[21.7413,10.3725],[21.7429,10.3817],[21.7506,10.3889],[21.7666,10.404],[21.771,10.4117],[21.7705,10.4167],[21.7705,10.4179],[21.7705,10.4179],[21.7658,10.4188],[21.7581,10.4203],[21.7557,10.4243],[21.7541,10.4269],[21.7584,10.4389],[21.7585,10.444],[21.7515,10.4526],[21.7515,10.4526],[21.752,10.4556],[21.7526,10.4584],[21.7519,10.4604],[21.7509,10.4639],[21.744,10.4698],[21.7398,10.4728],[21.7327,10.4779],[21.7221,10.497],[21.7197,10.5012],[21.7178,10.507],[21.7175,10.5079],[21.7175,10.5079],[21.7203,10.5231],[21.721,10.5273],[21.7213,10.5288],[21.7219,10.5295],[21.7298,10.5392],[21.7309,10.5446],[21.7329,10.5542],[21.7331,10.5613],[21.729,10.5765],[21.727,10.5971],[21.7325,10.6098],[21.7333,10.6117],[21.7332,10.6132],[21.732,10.6291],[21.7329,10.6432],[21.7329,10.6432],[21.7333,10.6484],[21.7336,10.6529],[21.7336,10.654],[21.7353,10.6553],[21.7362,10.6561],[21.7398,10.6559],[21.7406,10.6559],[21.7488,10.6456],[21.7503,10.6446],[21.7515,10.6437],[21.753,10.6427],[21.7586,10.6422],[21.7646,10.6467],[21.766,10.6484],[21.7704,10.6538],[21.7747,10.6561],[21.7753,10.6564],[21.776,10.6567],[21.7808,10.6592],[21.7808,10.6592],[21.7824,10.6645],[21.7865,10.6678],[21.7877,10.6687],[21.7886,10.6694],[21.7871,10.6777],[21.7891,10.6878],[21.7889,10.6941],[21.7888,10.6947],[21.7832,10.7034],[21.7832,10.7034],[21.7833,10.7049],[21.7834,10.7061],[21.7834,10.7061],[21.7868,10.7082],[21.7879,10.7133],[21.7863,10.7222],[21.7885,10.7284],[21.7897,10.7319],[21.7891,10.7361],[21.7884,10.7404],[21.7844,10.752],[21.7859,10.7629],[21.7908,10.7767],[21.7908,10.7767],[21.7907,10.7772],[21.7881,10.7875],[21.7885,10.7946],[21.7912,10.7981],[21.7912,10.7981],[21.8026,10.8021],[21.8026,10.8021],[21.8057,10.8051],[21.81,10.8091],[21.811,10.8094],[21.8141,10.8103],[21.8152,10.8132],[21.8182,10.8212],[21.8188,10.8231],[21.8193,10.8244],[21.8246,10.8304],[21.8326,10.8395],[21.8369,10.8387],[21.8417,10.8378],[21.8417,10.8378],[21.8444,10.8475],[21.8463,10.8471],[21.8492,10.8464],[21.8566,10.8447],[21.8652,10.8466],[21.8716,10.8545],[21.8735,10.8584],[21.8783,10.8679],[21.8794,10.8688],[21.8808,10.87],[21.8873,10.8702],[21.8948,10.8655],[21.8992,10.8627],[21.8992,10.8627],[21.903,10.8631],[21.9044,10.8632],[21.9085,10.866],[21.9085,10.866],[21.9126,10.8725],[21.9126,10.8725],[21.921,10.8719],[21.9274,10.8602],[21.934,10.8534],[21.94,10.8523],[21.9414,10.8538],[21.943,10.8557],[21.943,10.8562],[21.9428,10.8578],[21.9417,10.8681],[21.9415,10.8693],[21.9442,10.8691],[21.9445,10.8691],[21.9446,10.8691],[21.9462,10.8657],[21.949,10.8602],[21.9528,10.8572],[21.9602,10.8582],[21.9635,10.8603],[21.9627,10.8672],[21.9622,10.8713],[21.9622,10.8713],[21.9708,10.8684],[21.9783,10.8631],[21.9825,10.8636],[21.9874,10.8708],[21.9894,10.8738],[21.9894,10.8738],[21.9983,10.8735],[22.0017,10.8734],[22.0018,10.8734],[22.0046,10.8757],[22.0165,10.8851],[22.0207,10.8862],[22.0207,10.8862],[22.0222,10.8861],[22.026,10.8859],[22.0293,10.8856],[22.0343,10.8838],[22.0361,10.8831],[22.0361,10.8831],[22.0376,10.8834],[22.0417,10.8843],[22.0486,10.8892],[22.0569,10.8888],[22.06,10.8886],[22.06,10.8886],[22.0742,10.8958],[22.0793,10.8952],[22.0816,10.895],[22.0856,10.8928],[22.0884,10.8913],[22.0949,10.886],[22.0987,10.8829],[22.0987,10.8829],[22.0991,10.8828],[22.105,10.8807],[22.1092,10.8806],[22.112,10.8805],[22.1134,10.8812],[22.1168,10.8831],[22.1188,10.8822],[22.1206,10.8815],[22.1311,10.8801],[22.1444,10.8783],[22.1484,10.8771],[22.1518,10.876],[22.1529,10.8767],[22.1561,10.8789],[22.1561,10.8789],[22.1587,10.8807],[22.1587,10.8807],[22.1611,10.8811],[22.1747,10.8838],[22.1747,10.8838],[22.1752,10.8849],[22.1828,10.9001],[22.1955,10.9086],[22.2003,10.9098],[22.2049,10.911],[22.2224,10.9128],[22.2274,10.9145],[22.2363,10.9176],[22.2453,10.9255],[22.2513,10.9262],[22.2656,10.923],[22.2732,10.9265],[22.2822,10.9307],[22.2898,10.9314],[22.2965,10.9349],[22.2982,10.9358],[22.3033,10.9387],[22.313,10.9442],[22.3237,10.9544],[22.3246,10.9548],[22.3269,10.9558],[22.331,10.9559],[22.356,10.9564],[22.3702,10.9584],[22.3766,10.9694],[22.3766,10.9694],[22.3768,10.9693],[22.3772,10.9689],[22.3834,10.9628],[22.3843,10.9619],[22.3844,10.9619],[22.4024,10.9708],[22.4136,10.9717],[22.4214,10.971],[22.4215,10.9709],[22.4216,10.9709],[22.4243,10.9707],[22.4308,10.9744],[22.4327,10.9796],[22.4333,10.9813],[22.4428,10.9885],[22.4428,10.9885],[22.4512,10.9881],[22.4566,10.9879],[22.4614,10.9911],[22.465,10.9951],[22.4661,10.9964],[22.468,10.9986],[22.468,10.9986],[22.4622,11.0009],[22.4622,11.0009],[22.4618,11.0011],[22.163,11.634],[22.0202,11.6574],[21.9522,11.7048],[21.56,11.6268],[21.4015,11.5999],[21.1671,11.5601],[21.0961,11.546],[21.099,11.64],[21.0559,11.6637],[20.9529,11.7139],[20.6385,11.875],[20.6324,11.8765],[20.347,12.0141],[20.3032,12.035],[20.2895,12.0327],[20.2651,12.0289],[20.237,12.042],[20.1481,12.0359],[20.0351,12.0281],[20.0186,12.0271],[20.0141,12.0024],[20.014,12.0019],[20.0112,11.9835],[20.011,11.982],[19.97,11.965],[19.9211,11.96],[19.9124,12.0258],[19.912,12.029],[19.906,12.04],[19.751,12.053],[19.58,12.083],[19.496,12.109]]]},"properties":{"adm1_name":"Salamat","adm1_name1":null,"adm1_pcode":"TD15","center_lat":10.61072953,"center_lon":20.719599429999999}},{"type":"Feature","geometry":{"type":"Polygon","coordinates":[[[22.3422,20.3164],[22.3416,20.3167],[22.3502,16.7559],[22.328,16.7092],[22.2679,16.6745],[22.2717,16.6677],[22.328,16.5645],[22.1458,16.3271],[22.0516,16.2923],[22.0153,15.9849],[22.0153,15.9849],[22.0675,15.9654],[22.0705,15.9643],[22.0723,15.9638],[22.154,15.9399],[22.1816,15.9318],[22.182,15.9317],[22.2438,15.9142],[22.3227,15.887],[22.328,15.8779],[22.3654,15.8141],[22.4537,15.7966],[22.5073,15.7744],[22.6195,15.7281],[22.6968,15.6932],[22.752,15.6496],[22.7737,15.6256],[22.801,15.607],[22.8326,15.5879],[22.8848,15.5292],[22.9168,15.4933],[22.9187,15.4908],[22.9187,15.4942],[22.9246,15.5041],[22.9249,15.5046],[22.9251,15.505],[22.928,15.5149],[22.9286,15.5172],[22.9264,15.5209],[22.9259,15.5237],[22.9248,15.529],[22.924,15.5333],[22.9234,15.5362],[22.925,15.5378],[22.9255,15.5383],[22.9256,15.5391],[22.9272,15.5536],[22.9278,15.554],[22.9376,15.5612],[22.9451,15.5702],[22.9472,15.5718],[22.9515,15.5753],[22.9603,15.5798],[22.9671,15.5812],[22.9686,15.5815],[22.9738,15.5826],[22.9786,15.5836],[22.9877,15.5885],[22.988,15.5886],[22.9974,15.5963],[23.0181,15.6169],[23.0218,15.6197],[23.0322,15.6274],[23.0479,15.6505],[23.0591,15.663],[23.0705,15.6699],[23.0709,15.6701],[23.0727,15.6712],[23.0761,15.6732],[23.0763,15.6734],[23.0865,15.6875],[23.0902,15.6926],[23.0912,15.694],[23.0984,15.7038],[23.099,15.7047],[23.1042,15.709],[23.1087,15.7126],[23.1171,15.7146],[23.1176,15.7172],[23.1227,15.7197],[23.1235,15.7201],[23.1242,15.7204],[23.1405,15.7197],[23.1473,15.7193],[23.156,15.7181],[23.1854,15.7138],[23.1872,15.7138],[23.208,15.7146],[23.2167,15.7107],[23.22,15.7092],[23.2241,15.7073],[23.2349,15.7049],[23.237,15.7045],[23.2378,15.7046],[23.2494,15.7063],[23.2501,15.7064],[23.2715,15.7049],[23.2805,15.7036],[23.2821,15.7033],[23.284,15.703],[23.2898,15.7018],[23.3095,15.6974],[23.3158,15.6956],[23.3232,15.6948],[23.3275,15.6943],[23.3306,15.694],[23.336,15.6934],[23.3466,15.6939],[23.3508,15.6941],[23.3577,15.6951],[23.3664,15.6964],[23.4085,15.7026],[23.4104,15.703],[23.4425,15.7101],[23.4432,15.7102],[23.4445,15.711],[23.4628,15.7218],[23.4976,15.739],[23.4999,15.7401],[23.5243,15.7498],[23.5629,15.7591],[23.5899,15.7632],[23.6283,15.7653],[23.6489,15.7632],[23.6743,15.7634],[23.689,15.7617],[23.7068,15.759],[23.7071,15.7589],[23.7218,15.7548],[23.7227,15.7545],[23.7237,15.7543],[23.7305,15.7525],[23.7331,15.7518],[23.737,15.7518],[23.7781,15.7524],[23.7985,15.7518],[23.8114,15.7511],[23.8176,15.7507],[23.8337,15.7471],[23.839,15.7448],[23.8472,15.7412],[23.862,15.7324],[23.8763,15.7284],[23.8921,15.7267],[23.9111,15.7233],[23.9131,15.7228],[23.9436,15.715],[23.9468,15.7142],[23.9707,15.7102],[24.0,15.7111],[24.0,15.7111],[24.0,16.0],[24.0,16.4555],[24.0,16.4971],[24.0,19.5],[22.3429,20.316],[22.3422,20.3164]]]},"properties":{"adm1_name":"Ennedi Est","adm1_name1":null,"adm1_pcode":"TD20","center_lat":18.127948499999999,"center_lon":23.173425850000001}},{"type":"Feature","geometry":{"type":"Polygon","coordinates":[[[17.8534,15.7252],[17.1702,16.0351],[16.3231,15.0036],[16.094,14.5433],[16.0029,14.3603],[15.9847,14.3237],[15.9847,14.3237],[15.9103,14.269],[15.7843,14.1762],[15.619,14.032],[15.607,13.878],[15.602,13.749],[15.647,13.735],[15.7611,13.7384],[15.7737,13.7576],[15.8289,13.7525],[15.8846,13.7474],[15.8934,13.727],[15.8941,13.6828],[15.889,13.6725],[15.8832,13.6583],[15.876,13.614],[15.892,13.546],[15.92,13.499],[15.934,13.45],[15.935,13.339],[15.929,13.207],[15.91,13.173],[15.966,13.122],[15.991,13.08],[15.998,13.044],[16.1079,13.0313],[16.179,13.023],[16.215,13.04],[16.261,13.036],[16.361,13.051],[16.425,13.044],[16.468,13.034],[16.493,13.055],[16.547,13.07],[16.762,13.09],[16.787,13.111],[16.846,13.136],[16.9,13.109],[16.997,13.137],[17.024,13.157],[17.063,13.137],[17.101,13.133],[17.161,13.099],[17.241,13.21],[17.234,13.427],[17.271,13.662],[17.271,13.662],[17.586,13.76],[17.9937,15.5098],[17.9214,15.6004],[17.8534,15.7252]]]},"properties":{"adm1_name":"Barh-El-Gazel","adm1_name1":null,"adm1_pcode":"TD19","center_lat":14.451821000000001,"center_lon":16.897824889999999}},{"type":"Feature","geometry":{"type":"Polygon","coordinates":[[[17.507,9.616],[17.484,9.641],[17.449,9.632],[17.4264,9.6196],[17.417,9.6185],[17.3591,9.6055],[17.359,9.6055],[17.3566,9.6048],[17.317,9.594],[17.288,9.601],[17.251,9.596],[17.2091,9.5761],[17.209,9.576],[17.216,9.545],[17.235,9.519],[17.257,9.492],[17.257,9.492],[17.2281,9.4701],[17.228,9.47],[17.2293,9.4213],[17.229,9.382],[17.2011,9.3551],[17.201,9.355],[17.0751,9.2611],[17.075,9.261],[17.222,9.166],[17.1768,9.1209],[17.1436,9.0876],[17.1341,9.0781],[17.134,9.078],[17.144,9.0179],[17.15,8.971],[17.1511,8.9251],[17.1511,8.9224],[17.1512,8.9207],[17.152,8.885],[17.1486,8.8452],[17.142,8.762],[17.0745,8.672],[17.046,8.631],[17.1072,8.5688],[17.13,8.545],[17.1442,8.5205],[17.159,8.495],[17.295,8.296],[17.2473,8.2151],[17.2131,8.1571],[17.213,8.157],[17.156,8.146],[17.1081,8.131],[17.108,8.131],[17.1981,7.9629],[17.227,7.909],[17.2632,7.8436],[17.268,7.8347],[17.2716,7.8263],[17.2822,7.8017],[17.2839,7.8035],[17.2839,7.8035],[17.2911,7.8044],[17.301,7.8055],[17.3042,7.8094],[17.3034,7.8174],[17.3034,7.8174],[17.3036,7.819],[17.3045,7.8236],[17.3048,7.8239],[17.3087,7.8277],[17.3087,7.8277],[17.3112,7.828],[17.3147,7.8284],[17.3216,7.8245],[17.328,7.821],[17.3318,7.8206],[17.3328,7.8205],[17.3359,7.8223],[17.3383,7.8292],[17.3412,7.8374],[17.3454,7.8411],[17.3592,7.8403],[17.3653,7.8488],[17.3672,7.8493],[17.3687,7.8497],[17.3763,7.8466],[17.3763,7.8466],[17.3802,7.8476],[17.3933,7.8508],[17.3936,7.8509],[17.3969,7.8459],[17.3984,7.8437],[17.3984,7.8437],[17.403,7.843],[17.403,7.843],[17.4042,7.8459],[17.4049,7.8474],[17.404,7.8505],[17.4035,7.8524],[17.4035,7.8524],[17.4045,7.8579],[17.4089,7.8662],[17.4119,7.8666],[17.4153,7.8613],[17.4173,7.8606],[17.4236,7.8585],[17.4243,7.8631],[17.4236,7.8638],[17.4193,7.8682],[17.4181,7.8714],[17.4193,7.873],[17.4211,7.8755],[17.4323,7.8771],[17.4331,7.8773],[17.4331,7.8773],[17.4332,7.8772],[17.4357,7.8757],[17.4377,7.8704],[17.4388,7.8676],[17.4388,7.8676],[17.4411,7.866],[17.4457,7.8662],[17.4483,7.8677],[17.4492,7.8682],[17.4492,7.8682],[17.4493,7.8685],[17.4494,7.8691],[17.4496,7.8703],[17.4499,7.8719],[17.4473,7.8774],[17.4472,7.8776],[17.4472,7.8777],[17.4481,7.8806],[17.4491,7.8834],[17.4506,7.8831],[17.4555,7.8822],[17.4594,7.8837],[17.4597,7.8838],[17.4678,7.894],[17.4678,7.8941],[17.4681,7.8941],[17.4686,7.8942],[17.4728,7.8947],[17.4767,7.8928],[17.4855,7.8857],[17.4855,7.8857],[17.4869,7.8848],[17.4906,7.8826],[17.5057,7.8736],[17.5077,7.8714],[17.5111,7.8676],[17.5138,7.8684],[17.5151,7.8687],[17.5151,7.8688],[17.5235,7.891],[17.5236,7.891],[17.5269,7.8914],[17.5269,7.8914],[17.5273,7.891],[17.5291,7.8888],[17.5298,7.8881],[17.5308,7.8868],[17.5341,7.887],[17.5368,7.8872],[17.5387,7.8911],[17.5387,7.8911],[17.5386,7.896],[17.5385,7.904],[17.5413,7.9118],[17.5423,7.9147],[17.5472,7.9213],[17.5504,7.9227],[17.5513,7.9232],[17.5513,7.9231],[17.552,7.9231],[17.5617,7.9226],[17.5617,7.9226],[17.564,7.9196],[17.5648,7.913],[17.5664,7.9101],[17.5671,7.9088],[17.5684,7.9084],[17.5694,7.9081],[17.5745,7.909],[17.5778,7.9118],[17.5787,7.9124],[17.579,7.913],[17.5852,7.9239],[17.5956,7.932],[17.5965,7.9327],[17.5965,7.9327],[17.6014,7.9327],[17.6057,7.9294],[17.6072,7.9282],[17.6101,7.926],[17.6134,7.9265],[17.6165,7.9269],[17.6244,7.9348],[17.6269,7.9374],[17.627,7.9374],[17.6272,7.9379],[17.6297,7.9429],[17.6332,7.9454],[17.6332,7.9454],[17.6385,7.9445],[17.6454,7.9435],[17.6464,7.9441],[17.6489,7.9457],[17.6565,7.9584],[17.6589,7.9624],[17.6571,7.9696],[17.6583,7.9741],[17.6589,7.9747],[17.6641,7.9789],[17.6684,7.9811],[17.6702,7.982],[17.6717,7.9828],[17.6738,7.983],[17.6743,7.9831],[17.6764,7.9833],[17.6832,7.9841],[17.6879,7.983],[17.688,7.983],[17.6937,7.9818],[17.694,7.9817],[17.6943,7.9815],[17.6977,7.9787],[17.7034,7.9695],[17.7034,7.9695],[17.7038,7.9696],[17.7073,7.9702],[17.7083,7.9714],[17.7131,7.9775],[17.7131,7.9775],[17.7163,7.9786],[17.7218,7.9785],[17.7332,7.9784],[17.7411,7.9775],[17.7579,7.9753],[17.7724,7.9735],[17.7833,7.9729],[17.7865,7.9728],[17.7896,7.9726],[17.7958,7.9723],[17.7961,7.9723],[17.7975,7.9722],[17.8212,7.9689],[17.8475,7.9652],[17.887,7.9617],[17.8914,7.9613],[17.8916,7.9613],[17.9144,7.9593],[17.9216,7.9586],[17.9216,7.9586],[17.9306,7.9594],[17.935,7.9604],[17.9449,7.9628],[17.9957,7.9928],[17.9988,7.9877],[18.0,7.9859],[18.0181,8.0],[18.0239,8.0037],[18.0297,8.0077],[18.032,8.0093],[18.0468,8.0112],[18.078,8.0119],[18.1223,8.013],[18.1223,8.013],[18.1346,8.0136],[18.1558,8.0146],[18.1616,8.0147],[18.1641,8.0147],[18.1918,8.0178],[18.214,8.0194],[18.2131,8.0242],[18.2045,8.0557],[18.1995,8.0679],[18.1956,8.0786],[18.1944,8.0853],[18.1936,8.0901],[18.1913,8.1026],[18.1878,8.1226],[18.1845,8.1391],[18.1828,8.148],[18.1781,8.1715],[18.1775,8.1745],[18.17,8.2072],[18.1695,8.2138],[18.169,8.22],[18.1681,8.2347],[18.167,8.2517],[18.168,8.2613],[18.1726,8.2787],[18.1775,8.2972],[18.1776,8.307],[18.1779,8.3398],[18.1682,8.3761],[18.1614,8.3861],[18.1538,8.3953],[18.1444,8.4158],[18.1419,8.424],[18.1286,8.4699],[18.1284,8.4853],[18.1283,8.4883],[18.1277,8.4975],[18.1267,8.5118],[18.124,8.5257],[18.1231,8.5301],[18.122,8.5332],[18.1169,8.5468],[18.1122,8.5512],[18.1091,8.5532],[18.1029,8.553],[18.0998,8.5551],[18.0941,8.5599],[18.0941,8.5599],[18.0932,8.5601],[18.0899,8.5606],[18.0785,8.5654],[18.0724,8.5772],[18.0702,8.5816],[18.069,8.585],[18.0651,8.596],[18.064,8.5993],[18.0594,8.619],[18.0579,8.6287],[18.0572,8.6332],[18.0549,8.6397],[18.0524,8.6458],[18.051,8.652],[18.0493,8.6608],[18.0491,8.6619],[18.0492,8.6646],[18.0494,8.6735],[18.0494,8.7048],[18.0493,8.7151],[18.0499,8.7174],[18.0504,8.7196],[18.0526,8.7323],[18.0538,8.7363],[18.0568,8.747],[18.0582,8.7525],[18.0592,8.7559],[18.0605,8.7592],[18.0619,8.7627],[18.0619,8.763],[18.0618,8.7666],[18.0615,8.7849],[18.0592,8.7924],[18.0583,8.7953],[18.0578,8.7958],[18.0518,8.8025],[18.0424,8.8095],[18.0278,8.8303],[18.0264,8.8361],[18.0245,8.8404],[18.0224,8.8419],[18.0215,8.8426],[18.0199,8.8437],[18.0191,8.8443],[18.018,8.8486],[18.0144,8.8595],[18.0099,8.8735],[18.0089,8.8836],[18.006,8.889],[18.004,8.8926],[18.001,8.9021],[18.0003,8.9043],[17.9998,8.9068],[17.9976,8.9173],[17.9973,8.9227],[17.9972,8.9267],[17.9962,8.9489],[17.9959,8.9561],[17.9958,8.9589],[17.9994,8.9678],[17.9995,8.9679],[18.0023,8.9701],[18.0073,8.9772],[18.0093,8.9798],[18.0177,8.9888],[18.0209,8.9922],[18.0227,8.9942],[18.0257,8.9974],[18.0258,8.9974],[18.0454,9.0054],[18.0747,9.015],[18.0829,9.017],[18.0911,9.0184],[18.1008,9.0199],[18.1008,9.0199],[18.1018,9.0208],[18.107,9.0256],[18.1091,9.0277],[18.1093,9.0279],[18.1116,9.0306],[18.1219,9.0432],[18.1239,9.0456],[18.1264,9.0487],[18.147,9.0769],[18.1512,9.084],[18.1553,9.0909],[18.1675,9.1114],[18.1871,9.1417],[18.1931,9.1516],[18.1979,9.1621],[18.2001,9.1763],[18.2001,9.1763],[18.1835,9.1765],[18.1752,9.1772],[18.1645,9.1772],[18.1529,9.1786],[18.144,9.1796],[18.1389,9.1806],[18.1234,9.1838],[18.112,9.1862],[18.1037,9.1868],[18.0928,9.1876],[18.0887,9.188],[18.0551,9.1909],[18.046,9.1935],[18.035,9.1963],[18.0145,9.1986],[18.0116,9.1989],[18.0095,9.1998],[18.0032,9.2026],[17.9938,9.2177],[17.9887,9.2202],[17.9683,9.2299],[17.9679,9.2301],[17.9669,9.2305],[17.954,9.2357],[17.943,9.2399],[17.9244,9.2509],[17.8935,9.2661],[17.8505,9.287],[17.843,9.2906],[17.8419,9.2911],[17.8353,9.2929],[17.8346,9.2931],[17.8254,9.2956],[17.8246,9.299],[17.8231,9.3067],[17.8198,9.3255],[17.8167,9.3315],[17.8144,9.336],[17.813,9.3406],[17.8127,9.3416],[17.8122,9.3434],[17.8112,9.347],[17.8037,9.3619],[17.8009,9.3673],[17.7984,9.3723],[17.7972,9.3745],[17.7944,9.3801],[17.788,9.3926],[17.7796,9.4092],[17.7756,9.417],[17.7631,9.4358],[17.757,9.4388],[17.7509,9.4398],[17.7462,9.4405],[17.7427,9.4419],[17.7367,9.4444],[17.7289,9.4439],[17.7278,9.4439],[17.7234,9.4438],[17.7209,9.4441],[17.7189,9.4444],[17.7129,9.4451],[17.7103,9.4455],[17.6954,9.4466],[17.6851,9.4486],[17.6757,9.4464],[17.6729,9.447],[17.6724,9.4471],[17.6672,9.4482],[17.6659,9.4485],[17.6589,9.4695],[17.6444,9.503],[17.6205,9.5428],[17.5956,9.5673],[17.554,9.597],[17.507,9.616]]]},"properties":{"adm1_name":"Mandoul","adm1_name1":null,"adm1_pcode":"TD10","center_lat":8.7259630000000001,"center_lon":17.583255470000001}},{"type":"Feature","geometry":{"type":"Polygon","coordinates":[[[19.3408,16.1082],[19.3405,16.1083],[19.3037,16.1012],[19.2759,16.0958],[19.2794,16.0372],[19.281,16.009],[19.2761,15.9747],[19.27,15.916],[19.2527,15.8286],[19.2118,15.7206],[19.1996,15.703],[19.09,15.545],[19.0614,15.52],[18.9883,15.4561],[18.926,15.415],[18.8259,15.3559],[18.6558,15.3139],[18.6557,15.3139],[18.4207,15.317],[18.2383,15.3559],[17.9947,15.5091],[17.9937,15.5098],[17.586,13.76],[17.271,13.662],[17.271,13.662],[17.234,13.427],[17.241,13.21],[17.161,13.099],[17.13,13.046],[17.077,13.007],[16.997,12.937],[16.966,12.8685],[17.016,12.832],[17.054,12.816],[17.092,12.783],[17.113,12.735],[17.141,12.64],[17.15,12.609],[17.201,12.557],[17.254,12.501],[17.293,12.487],[17.295,12.406],[17.31,12.346],[17.34,12.3],[17.388,12.27],[17.408,12.229],[17.411,12.184],[17.446,12.155],[17.4471,12.1551],[17.504,12.158],[17.5041,12.1579],[17.552,12.133],[17.598,12.125],[17.5979,12.1252],[17.567,12.199],[17.608,12.239],[17.668,12.2675],[17.882,12.446],[18.018,12.452],[18.0192,12.452],[18.065,12.452],[18.095,12.486],[18.33,12.618],[18.4739,12.692],[18.501,12.693],[18.502,12.693],[18.99,12.689],[18.9902,12.689],[19.103,12.694],[19.1034,12.694],[19.184,12.687],[19.1841,12.6871],[19.1919,12.6994],[19.2,12.7114],[19.2077,12.712],[19.2138,12.7127],[19.36,12.798],[19.601,12.939],[19.683,12.982],[19.777,13.031],[19.7777,13.0308],[19.8891,12.9931],[19.91,12.986],[19.993,12.957],[20.045,12.935],[20.0458,12.9352],[20.0458,12.9352],[20.331,13.001],[20.357,13.02],[20.357,13.0206],[20.3577,13.0554],[20.3577,13.059],[20.3578,13.0597],[20.3685,13.3395],[20.3687,13.3432],[20.369,13.3512],[20.3656,13.4196],[20.3527,13.4454],[20.3511,13.4485],[20.3435,13.4652],[20.3127,13.5329],[20.3051,13.5424],[20.2961,13.5536],[20.2854,13.572],[20.2758,13.5865],[20.2723,13.5975],[20.2672,13.6138],[20.2673,13.6144],[20.2693,13.6296],[20.2735,13.651],[20.2735,13.6513],[20.2756,13.6672],[20.2762,13.6721],[20.279,13.684],[20.2951,13.7552],[20.295,13.7554],[20.2928,13.7612],[20.2683,13.8292],[20.2611,13.8331],[20.2294,13.8521],[20.056,13.9572],[20.062,14.0824],[20.0569,14.5296],[20.044,15.661],[20.043,15.742],[19.9154,15.7702],[19.6995,15.8217],[19.5659,15.8335],[19.4945,15.9001],[19.3947,16.0757],[19.3408,16.1082]]]},"properties":{"adm1_name":"Batha","adm1_name1":null,"adm1_pcode":"TD01","center_lat":14.305986000000001,"center_lon":18.886321809999998}},{"type":"Feature","geometry":{"type":"Polygon","coordinates":[[[17.1702,16.0351],[17.0339,16.0969],[17.0318,16.0979],[17.0246,16.1011],[16.6938,16.2459],[16.0991,16.5158],[15.9343,16.6003],[15.7607,16.6893],[15.5823,16.7808],[15.5112,16.8173],[15.4557,16.8458],[15.4532,16.8433],[15.4532,16.8433],[15.3644,16.7505],[15.3481,16.7334],[15.3304,16.715],[15.3288,16.711],[15.2944,16.6769],[15.2755,16.6582],[15.2693,16.652],[15.26,16.6428],[15.26,16.6428],[15.2599,16.6427],[15.2584,16.6393],[15.2438,16.624],[15.2338,16.6135],[15.2191,16.5981],[15.2158,16.5947],[15.1996,16.5779],[15.1874,16.5652],[15.1376,16.5135],[15.0984,16.4728],[15.0094,16.3803],[15.0066,16.3773],[15.0,16.3705],[14.9567,16.3253],[14.9222,16.2864],[14.9187,16.2824],[14.9136,16.2766],[14.834,16.1934],[14.8173,16.1758],[14.8133,16.1701],[14.8106,16.1661],[14.7991,16.1565],[14.7745,16.1303],[14.7464,16.1002],[14.7362,16.0894],[14.6939,16.0442],[14.6567,16.0094],[14.6467,16.0],[14.6384,15.9914],[14.6384,15.9914],[14.6378,15.9903],[14.6346,15.9845],[14.6223,15.9726],[14.6214,15.9695],[14.6213,15.9694],[14.62,15.9678],[14.6104,15.956],[14.5943,15.9423],[14.5844,15.9324],[14.5554,15.9037],[14.5456,15.8935],[14.5426,15.8904],[14.5382,15.8855],[14.5248,15.8705],[14.5154,15.8627],[14.5148,15.8622],[14.5044,15.8514],[14.4535,15.8004],[14.4447,15.7918],[14.4388,15.786],[14.4163,15.7628],[14.3926,15.7378],[14.3877,15.7339],[14.3848,15.7316],[14.3848,15.7316],[14.3571,15.6937],[14.3282,15.6574],[14.3247,15.6518],[14.3244,15.6514],[14.3185,15.6441],[14.3151,15.6391],[14.3116,15.6342],[14.3088,15.6261],[14.3082,15.6258],[14.3062,15.6245],[14.3064,15.6225],[14.3064,15.6225],[14.2996,15.6186],[14.2826,15.5963],[14.2792,15.5919],[14.2779,15.5901],[14.2759,15.5882],[14.2414,15.5411],[14.2371,15.5368],[14.2357,15.5354],[14.2333,15.5312],[14.2289,15.5237],[14.2232,15.5153],[14.2156,15.5041],[14.2053,15.4895],[14.1861,15.4625],[14.1596,15.4258],[14.1465,15.407],[14.1256,15.3771],[14.123,15.3754],[14.1228,15.375],[14.1197,15.3685],[14.1143,15.3621],[14.1072,15.352],[14.1056,15.3497],[14.1035,15.3435],[14.1002,15.3402],[14.0964,15.3364],[14.0921,15.3302],[14.0894,15.3263],[14.0511,15.2722],[14.0502,15.2717],[14.0475,15.2701],[14.0471,15.2676],[14.0471,15.2672],[14.0376,15.2538],[14.0357,15.2485],[14.0357,15.2485],[14.0282,15.2405],[14.0186,15.2267],[14.0129,15.2184],[14.0113,15.2163],[14.0081,15.2122],[14.0074,15.2097],[14.0036,15.2042],[14.0034,15.2038],[13.9969,15.1947],[13.9813,15.1724],[13.9702,15.1565],[13.9692,15.1555],[13.9549,15.1397],[13.944,15.1257],[13.9377,15.1202],[13.9332,15.1163],[13.931,15.1126],[13.9255,15.1058],[13.9176,15.0962],[13.9176,15.0962],[13.9185,15.0962],[13.9185,15.0962],[13.9096,15.0875],[13.9089,15.0868],[13.9046,15.082],[13.8716,15.0452],[13.8695,15.0428],[13.8661,15.0375],[13.8622,15.0313],[13.8622,15.031],[13.8622,15.0284],[13.8536,15.0132],[13.8514,15.0093],[13.8514,15.0093],[13.8503,15.0052],[13.8488,15.0],[13.8487,14.9995],[13.8477,14.9959],[13.8456,14.9936],[13.8439,14.9918],[13.8392,14.9805],[13.83,14.9566],[13.8268,14.9506],[13.8242,14.9458],[13.7967,14.8844],[13.7965,14.8777],[13.7965,14.8777],[13.7953,14.8752],[13.7923,14.8685],[13.7905,14.8649],[13.7897,14.8632],[13.7901,14.8595],[13.7907,14.8543],[13.7902,14.8501],[13.7897,14.8467],[13.7914,14.8299],[13.7914,14.8299],[13.791,14.8207],[13.7915,14.813],[13.7922,14.8023],[13.7941,14.7973],[13.7992,14.7801],[13.8094,14.7459],[13.8098,14.7428],[13.81,14.7404],[13.8116,14.7273],[13.8104,14.7231],[13.81,14.7217],[13.8003,14.7149],[13.7972,14.7127],[13.7951,14.7088],[13.7924,14.7078],[13.7888,14.7065],[13.7888,14.7065],[13.7885,14.704],[13.7815,14.7024],[13.7814,14.7023],[13.7809,14.702],[13.7704,14.6957],[13.7697,14.6941],[13.7687,14.692],[13.7522,14.6974],[13.7456,14.6983],[13.7065,14.6633],[13.7065,14.6633],[13.7056,14.6619],[13.7023,14.6569],[13.7023,14.6569],[13.694,14.6513],[13.6869,14.6451],[13.6773,14.6366],[13.6771,14.6338],[13.6769,14.6317],[13.6776,14.6298],[13.679,14.6265],[13.6899,14.6155],[13.6925,14.6129],[13.6921,14.6097],[13.6918,14.607],[13.6915,14.5885],[13.6914,14.5826],[13.693,14.5719],[13.6942,14.5637],[13.696,14.5511],[13.696,14.5511],[13.6854,14.5438],[13.6734,14.5354],[13.6659,14.5299],[13.6641,14.5296],[13.6628,14.5294],[13.6607,14.527],[13.6602,14.5265],[13.7291,14.5128],[13.742,14.4974],[13.7816,14.4988],[13.861,14.5013],[13.9315,14.5035],[13.9712,14.4496],[13.9998,14.4508],[14.0281,14.452],[14.0831,14.386],[14.0966,14.3194],[14.1588,14.3089],[14.2111,14.2271],[14.2394,14.2263],[14.2701,14.2255],[14.31,14.1577],[14.3624,14.1466],[14.4386,14.1306],[14.5036,14.0347],[14.5226,14.0125],[14.5451,13.9859],[14.6166,13.9008],[14.668,13.8102],[14.6681,13.8101],[14.7382,13.6864],[14.7435,13.6774],[14.7589,13.651],[14.8115,13.6985],[14.9043,13.6857],[15.046,13.7027],[15.196,13.718],[15.393,13.742],[15.4379,13.7441],[15.4524,13.7178],[15.4544,13.6722],[15.4819,13.6362],[15.5107,13.619],[15.5146,13.5842],[15.4728,13.5329],[15.46,13.4928],[15.4572,13.4416],[15.4796,13.3845],[15.5076,13.3602],[15.5275,13.3236],[15.55,13.2593],[15.5673,13.2513],[15.755,13.163],[15.862,13.154],[15.91,13.173],[15.929,13.207],[15.935,13.339],[15.934,13.45],[15.92,13.499],[15.892,13.546],[15.876,13.614],[15.8832,13.6583],[15.889,13.6725],[15.8941,13.6828],[15.8934,13.727],[15.8846,13.7474],[15.8289,13.7525],[15.7737,13.7576],[15.7611,13.7384],[15.647,13.735],[15.602,13.749],[15.607,13.878],[15.619,14.032],[15.7843,14.1762],[15.9103,14.269],[15.9847,14.3237],[15.9847,14.3237],[16.0029,14.3603],[16.094,14.5433],[16.3231,15.0036],[17.1702,16.0351]]]},"properties":{"adm1_name":"Kanem","adm1_name1":null,"adm1_pcode":"TD06","center_lat":14.999756939999999,"center_lon":15.084960690000001}},{"type":"Feature","geometry":{"type":"Polygon","coordinates":[[[15.404,12.322],[15.373,12.363],[15.3545,12.339],[15.329,12.3189],[15.3017,12.2987],[15.2594,12.2764],[15.2115,12.2576],[15.1709,12.2477],[15.1268,12.2413],[15.1224,12.2402],[15.0987,12.2347],[15.0893,12.2329],[15.0817,12.2313],[15.0729,12.2304],[15.0675,12.2299],[15.0626,12.2294],[15.0552,12.2292],[15.0428,12.2168],[15.0426,12.2166],[15.0519,12.2124],[15.057,12.2113],[15.0839,12.1976],[15.0996,12.1855],[15.1143,12.1727],[15.1236,12.1657],[15.1344,12.157],[15.1483,12.1408],[15.1557,12.1322],[15.1643,12.1187],[15.173,12.102],[15.1782,12.0753],[15.1783,12.0751],[15.1725,12.0495],[15.1647,12.0384],[15.1604,12.0345],[15.15,12.0232],[15.138,12.0113],[15.1327,12.0068],[15.1202,12.0007],[15.0984,11.9947],[15.0936,11.9941],[15.0871,11.9933],[15.0867,11.9923],[15.0867,11.992],[15.0869,11.9895],[15.0868,11.9895],[15.0834,11.9801],[15.0828,11.9782],[15.0817,11.9765],[15.0813,11.976],[15.0802,11.9741],[15.0802,11.9741],[15.0785,11.9727],[15.0755,11.97],[15.0755,11.97],[15.0713,11.9698],[15.0633,11.9733],[15.0566,11.9727],[15.0565,11.9727],[15.0562,11.9724],[15.0535,11.9702],[15.052,11.9658],[15.0532,11.9624],[15.0539,11.9603],[15.0633,11.9434],[15.0648,11.9337],[15.0643,11.9278],[15.0612,11.9218],[15.0593,11.9201],[15.0591,11.9198],[15.0572,11.9182],[15.0516,11.9155],[15.0493,11.9145],[15.049,11.9143],[15.0475,11.9127],[15.0459,11.911],[15.0445,11.9095],[15.0426,11.9041],[15.0426,11.904],[15.0425,11.903],[15.0421,11.8987],[15.0439,11.8907],[15.0439,11.8907],[15.0472,11.884],[15.0492,11.88],[15.0496,11.8759],[15.05,11.873],[15.05,11.8729],[15.05,11.8725],[15.0518,11.8589],[15.0518,11.8588],[15.0545,11.8517],[15.0554,11.8507],[15.0581,11.8479],[15.0607,11.8453],[15.0622,11.8438],[15.0674,11.8413],[15.0678,11.8412],[15.0698,11.8416],[15.0729,11.8423],[15.0753,11.8446],[15.0753,11.8446],[15.0758,11.847],[15.0761,11.8485],[15.0763,11.8491],[15.077,11.8522],[15.0769,11.8524],[15.0761,11.8588],[15.0775,11.8603],[15.0782,11.8611],[15.0782,11.8611],[15.0814,11.8577],[15.0875,11.8511],[15.0886,11.8504],[15.0911,11.8489],[15.0933,11.8475],[15.0949,11.8465],[15.0953,11.8453],[15.0962,11.8421],[15.0963,11.8419],[15.096,11.84],[15.095,11.8322],[15.0959,11.8225],[15.0979,11.8181],[15.1002,11.8131],[15.1074,11.8054],[15.1085,11.8042],[15.1164,11.798],[15.1185,11.7944],[15.119,11.7936],[15.1185,11.791],[15.118,11.7883],[15.1168,11.7861],[15.1149,11.7828],[15.1116,11.7787],[15.1106,11.7787],[15.1074,11.7769],[15.1049,11.7756],[15.1036,11.7748],[15.1009,11.7747],[15.0933,11.7742],[15.0895,11.7726],[15.0879,11.772],[15.0828,11.767],[15.082,11.7663],[15.0812,11.7638],[15.0804,11.7615],[15.0807,11.7606],[15.0816,11.7578],[15.0817,11.7575],[15.0819,11.7574],[15.0834,11.7562],[15.0868,11.7536],[15.0897,11.7524],[15.0961,11.7498],[15.0983,11.7478],[15.0989,11.7473],[15.0989,11.7472],[15.0989,11.7472],[15.1035,11.7337],[15.1037,11.7332],[15.1034,11.7323],[15.1022,11.7295],[15.0985,11.727],[15.0985,11.727],[15.0976,11.7271],[15.0964,11.7273],[15.0934,11.7277],[15.0926,11.7281],[15.091,11.7288],[15.0838,11.7322],[15.0807,11.7324],[15.0785,11.7325],[15.0761,11.7314],[15.0735,11.7302],[15.0695,11.7261],[15.0662,11.7175],[15.0657,11.7163],[15.0657,11.7155],[15.0656,11.7107],[15.0663,11.7081],[15.067,11.7054],[15.0679,11.705],[15.0676,11.7025],[15.0676,11.7019],[15.0675,11.7015],[15.0675,11.7014],[15.0674,11.7008],[15.0685,11.6974],[15.0692,11.6951],[15.0692,11.695],[15.0716,11.6944],[15.0735,11.6939],[15.0739,11.6939],[15.0739,11.6939],[15.0781,11.6885],[15.0801,11.686],[15.0777,11.6833],[15.0771,11.6826],[15.0772,11.6819],[15.078,11.677],[15.0773,11.6728],[15.077,11.6706],[15.0778,11.6666],[15.0781,11.6653],[15.0789,11.6644],[15.084,11.6593],[15.0847,11.6586],[15.0857,11.6576],[15.0855,11.6572],[15.0855,11.6572],[15.0822,11.6497],[15.082,11.6491],[15.0809,11.6467],[15.08,11.6446],[15.0816,11.6391],[15.0818,11.6386],[15.0833,11.6364],[15.0876,11.6302],[15.0879,11.6285],[15.0898,11.6203],[15.0913,11.6183],[15.0918,11.6176],[15.0926,11.6166],[15.0996,11.614],[15.0996,11.614],[15.1004,11.6131],[15.1026,11.6108],[15.1027,11.6034],[15.1027,11.5966],[15.101,11.5939],[15.0996,11.5918],[15.0978,11.589],[15.1006,11.5823],[15.1006,11.5823],[15.1024,11.5808],[15.1036,11.5798],[15.1043,11.5793],[15.1278,11.5708],[15.1367,11.5645],[15.1423,11.5578],[15.1423,11.555],[15.1423,11.5501],[15.1423,11.545],[15.1425,11.5374],[15.1415,11.5356],[15.1409,11.5345],[15.1401,11.5332],[15.1398,11.5326],[15.1368,11.5267],[15.1363,11.5257],[15.132,11.5171],[15.1322,11.5155],[15.1331,11.51],[15.1331,11.51],[15.1319,11.509],[15.1296,11.507],[15.1291,11.5068],[15.1149,11.4991],[15.1094,11.4962],[15.1074,11.4951],[15.1074,11.4951],[15.1068,11.4932],[15.1058,11.4896],[15.1046,11.4858],[15.1044,11.485],[15.1044,11.485],[15.1026,11.4841],[15.0995,11.4825],[15.0969,11.4811],[15.0969,11.4811],[15.097,11.4804],[15.0981,11.4759],[15.0988,11.4728],[15.0994,11.47],[15.0931,11.4671],[15.0909,11.4661],[15.088,11.4648],[15.0869,11.4614],[15.0852,11.4565],[15.0847,11.4548],[15.084,11.4529],[15.0828,11.4494],[15.0813,11.4485],[15.0807,11.4482],[15.0744,11.4427],[15.0744,11.4427],[15.0754,11.4396],[15.0766,11.4357],[15.0769,11.4347],[15.077,11.4346],[15.0711,11.4301],[15.07,11.4234],[15.0692,11.4225],[15.0645,11.417],[15.0587,11.4101],[15.058,11.3998],[15.0579,11.3987],[15.0578,11.3969],[15.0605,11.3919],[15.0609,11.3912],[15.0663,11.3786],[15.0666,11.378],[15.0666,11.3779],[15.0668,11.3772],[15.0674,11.3755],[15.0698,11.3678],[15.0696,11.3673],[15.0691,11.366],[15.069,11.3657],[15.0686,11.3646],[15.0587,11.3575],[15.0558,11.354],[15.0538,11.3516],[15.0533,11.3501],[15.0511,11.3431],[15.0511,11.3431],[15.0519,11.3422],[15.0519,11.3421],[15.0521,11.342],[15.0521,11.3419],[15.0506,11.3332],[15.0498,11.3314],[15.0473,11.3257],[15.0516,11.3171],[15.0518,11.3142],[15.0518,11.3139],[15.0488,11.3102],[15.0487,11.3102],[15.0485,11.3101],[15.0389,11.3075],[15.0346,11.3049],[15.0345,11.3048],[15.0337,11.3037],[15.0324,11.3016],[15.0365,11.2926],[15.0367,11.2922],[15.0364,11.2903],[15.036,11.2876],[15.0296,11.2858],[15.0283,11.2845],[15.0266,11.2828],[15.0265,11.2784],[15.0319,11.2726],[15.0324,11.2702],[15.0325,11.2696],[15.0308,11.2618],[15.0291,11.2485],[15.0298,11.2459],[15.0307,11.2432],[15.0321,11.2426],[15.0335,11.242],[15.0335,11.242],[15.0404,11.2355],[15.0413,11.233],[15.0418,11.2318],[15.0411,11.23],[15.0406,11.2286],[15.0406,11.2286],[15.0303,11.2236],[15.0278,11.2207],[15.027,11.2197],[15.027,11.2197],[15.0286,11.2186],[15.0337,11.2151],[15.036,11.2116],[15.036,11.2103],[15.0359,11.2082],[15.0325,11.2038],[15.0319,11.2031],[15.0314,11.2023],[15.0284,11.1979],[15.0288,11.1944],[15.0301,11.1932],[15.0339,11.1895],[15.035,11.1845],[15.0329,11.1787],[15.0352,11.1769],[15.0357,11.1763],[15.0396,11.1713],[15.0395,11.171],[15.0389,11.1674],[15.0339,11.1633],[15.035,11.1618],[15.0355,11.161],[15.0355,11.161],[15.0343,11.1562],[15.0343,11.1562],[15.0375,11.1511],[15.0375,11.1511],[15.0368,11.1479],[15.0368,11.1479],[15.0262,11.1378],[15.025,11.1342],[15.0262,11.1325],[15.0269,11.1316],[15.032,11.1306],[15.0353,11.1299],[15.0373,11.121],[15.0391,11.1136],[15.039,11.1115],[15.0388,11.1057],[15.0376,11.1037],[15.0364,11.1014],[15.0339,11.0935],[15.0338,11.093],[15.0813,11.121],[15.231,11.209],[15.397,11.212],[15.408,11.181],[15.421,11.114],[15.438,11.061],[15.475,11.022],[15.505,11.006],[15.533,10.974],[15.5383,10.9641],[15.544,10.94],[15.613,10.902],[15.649,10.899],[15.6706,10.881],[15.6728,10.8791],[15.685,10.873],[15.6957,10.8676],[15.7006,10.8638],[15.7041,10.8608],[15.745,10.825],[15.84,10.795],[15.872,10.79],[15.907,10.778],[15.9319,10.7783],[15.996,10.779],[16.048,10.752],[16.117,10.767],[16.1249,10.7577],[16.1395,10.7406],[16.149,10.707],[16.121,10.465],[16.123,10.382],[16.129,10.314],[16.1518,10.2821],[16.174,10.265],[16.1871,10.2275],[16.1963,10.2092],[16.23,10.202],[16.483,10.2],[16.584,10.265],[16.602,10.236],[16.6229,10.234],[16.62,10.2135],[16.617,10.1931],[16.618,10.182],[16.6189,10.1712],[16.6259,10.146],[16.639,10.134],[16.6479,10.1172],[16.646,10.0951],[16.662,10.071],[16.6756,10.0691],[16.6852,10.0677],[16.6911,10.0669],[16.6981,10.0666],[16.7131,10.066],[16.7378,10.0531],[16.7459,10.0341],[16.757,10.0325],[16.768,10.031],[16.7743,10.0144],[16.776,10.01],[16.81,10.014],[16.85,10.002],[16.8867,9.9926],[16.8956,9.9904],[16.913,9.9805],[16.9291,9.971],[16.942,9.9451],[16.9728,9.9489],[17.04,9.945],[17.098,9.931],[17.164,9.92],[17.188,9.871],[17.218,9.857],[17.256,9.84],[17.322,9.827],[17.381,9.826],[17.4589,9.7861],[17.4589,9.7861],[17.461,9.785],[17.4891,9.7639],[17.521,9.74],[17.5528,9.7096],[17.591,9.673],[17.591,9.673],[17.5911,9.6731],[17.5922,9.6743],[17.5932,9.6753],[17.7215,9.8082],[17.67,9.8603],[17.6646,9.8658],[17.664,9.8662],[17.6622,9.8675],[17.6353,9.8859],[17.6349,9.8947],[17.6349,9.8947],[17.6321,9.9688],[17.6318,9.9759],[17.5938,10.0281],[17.5827,10.096],[17.5827,10.0961],[17.5827,10.0961],[17.5491,10.131],[17.5237,10.1573],[17.5196,10.1591],[17.489,10.172],[17.543,10.451],[17.449,10.522],[17.383,10.537],[17.327,10.574],[17.352,10.671],[17.363,10.795],[17.36,10.935],[17.345,11.029],[17.329,11.075],[17.305,11.2304],[17.3069,11.2538],[17.3103,11.2935],[17.3105,11.2983],[17.3108,11.3044],[17.313,11.314],[17.335,11.472],[17.24,11.518],[17.17,11.552],[17.139,11.566],[17.088,11.627],[17.019,11.668],[16.906,11.684],[16.858,11.676],[16.826,11.726],[16.812,11.823],[16.797,11.874],[16.79,11.904],[16.744,11.932],[16.708,11.995],[16.713,12.043],[16.725,12.133],[16.695,12.198],[16.666,12.229],[16.493,12.296],[16.45,12.305],[16.302,12.354],[16.0547,12.3227],[15.977,12.3348],[15.9487,12.3347],[15.9102,12.3342],[15.8313,12.3332],[15.8223,12.3335],[15.684,12.338],[15.6592,12.3245],[15.6315,12.3094],[15.5749,12.2783],[15.5693,12.2752],[15.5588,12.2667],[15.5046,12.2226],[15.5019,12.2248],[15.4717,12.2551],[15.4425,12.283],[15.404,12.322]]]},"properties":{"adm1_name":"Chari-Baguirmi","adm1_name1":null,"adm1_pcode":"TD03","center_lat":11.013999999999999,"center_lon":16.41869681}},{"type":"Feature","geometry":{"type":"Polygon","coordinates":[[[16.381,9.21],[16.364,9.245],[16.335,9.225],[16.2853,9.1788],[16.277,9.1741],[16.2452,9.1665],[16.239,9.165],[16.2136,9.1538],[16.202,9.122],[16.187,9.098],[16.1571,9.0796],[16.1315,9.0836],[16.1211,9.0881],[16.0972,9.0983],[16.044,9.128],[15.984,9.129],[15.9592,9.1149],[15.9592,9.1149],[15.9581,9.1143],[15.9535,9.1025],[15.929,9.061],[15.893,9.052],[15.859,9.053],[15.819,9.039],[15.778,9.051],[15.713,9.051],[15.652,9.061],[15.602,9.033],[15.573,9.023],[15.441,9.061],[15.3871,9.033],[15.387,9.033],[15.394,8.9881],[15.365,8.937],[15.3616,8.9089],[15.357,8.87],[15.355,8.822],[15.357,8.759],[15.2995,8.7085],[15.2916,8.7006],[15.277,8.662],[15.263,8.611],[15.245,8.574],[15.246,8.537],[15.236,8.5012],[15.2362,8.5008],[15.2381,8.4949],[15.2417,8.4834],[15.2457,8.4705],[15.2458,8.4703],[15.2458,8.4702],[15.2485,8.4615],[15.2485,8.4615],[15.253,8.463],[15.2677,8.4599],[15.2837,8.4513],[15.29,8.4479],[15.2947,8.4453],[15.2968,8.444],[15.323,8.427],[15.342,8.403],[15.3845,8.378],[15.417,8.37],[15.4355,8.3739],[15.4458,8.3761],[15.4458,8.3761],[15.4494,8.3669],[15.4549,8.353],[15.4719,8.3392],[15.4877,8.3281],[15.4877,8.328],[15.4879,8.3185],[15.4882,8.3065],[15.4886,8.3029],[15.4895,8.2974],[15.4906,8.2903],[15.4906,8.2903],[15.5062,8.2954],[15.5228,8.301],[15.5272,8.3025],[15.5272,8.3025],[15.5368,8.2893],[15.5294,8.273],[15.554,8.2714],[15.5811,8.2817],[15.5817,8.2817],[15.5889,8.2828],[15.594,8.2835],[15.5942,8.2835],[15.6018,8.2842],[15.605,8.2844],[15.6064,8.2845],[15.6093,8.2866],[15.6096,8.2868],[15.6114,8.2882],[15.6226,8.2963],[15.6379,8.3052],[15.648,8.311],[15.685,8.33],[15.7008,8.3314],[15.729,8.334],[15.768,8.337],[15.7726,8.3366],[15.7737,8.3365],[15.7791,8.336],[15.803,8.334],[15.8031,8.3341],[15.822,8.364],[15.834,8.403],[15.862,8.435],[15.862,8.435],[15.918,8.462],[15.9523,8.4869],[15.958,8.491],[15.958,8.491],[15.962,8.4932],[15.9894,8.5088],[15.9927,8.5272],[15.9941,8.5346],[16.043,8.558],[16.0595,8.5631],[16.0751,8.5679],[16.0795,8.5722],[16.094,8.586],[16.1146,8.6057],[16.117,8.608],[16.117,8.608],[16.2021,8.6337],[16.273,8.66],[16.3106,8.6578],[16.3397,8.6554],[16.3495,8.6557],[16.3506,8.6557],[16.3586,8.6692],[16.3596,8.6706],[16.3612,8.6727],[16.3691,8.6834],[16.3754,8.692],[16.406,8.717],[16.406,8.717],[16.45,8.727],[16.493,8.746],[16.4931,8.7461],[16.521,8.777],[16.558,8.83],[16.574,8.874],[16.594,8.899],[16.5867,8.9251],[16.5805,8.931],[16.5735,8.9377],[16.5735,8.9377],[16.5731,8.9389],[16.5664,8.9593],[16.5446,8.9517],[16.537,8.9646],[16.5337,8.985],[16.5335,8.9858],[16.5335,8.986],[16.533,8.989],[16.504,8.995],[16.486,9.028],[16.4622,9.0626],[16.4486,9.0831],[16.4465,9.0863],[16.4463,9.0865],[16.4378,9.1005],[16.4357,9.1038],[16.427,9.118],[16.414,9.15],[16.411,9.181],[16.381,9.21]]]},"properties":{"adm1_name":"Logone Occidental","adm1_name1":null,"adm1_pcode":"TD08","center_lat":8.7525401499999997,"center_lon":15.924275980000001}},{"type":"Feature","geometry":{"type":"Polygon","coordinates":[[[14.4947,10.0093],[14.4847,10.0102],[14.4715,10.0081],[14.4636,10.0054],[14.4479,10.0051],[14.4334,10.0049],[14.4187,10.003],[14.417,10.0028],[14.4063,10.0035],[14.3886,10.0042],[14.3817,10.0044],[14.3638,10.0022],[14.3596,10.0017],[14.3596,10.0016],[14.3587,10.0012],[14.3562,10.0],[14.3534,9.9987],[14.3473,9.997],[14.3325,9.9989],[14.3267,10.0],[14.3224,10.0008],[14.3079,10.0037],[14.3037,10.0034],[14.2988,10.0025],[14.2884,10.0014],[14.2838,10.0007],[14.2792,10.0],[14.2728,9.9991],[14.2591,9.9988],[14.2499,9.9986],[14.2364,9.9974],[14.2292,9.9942],[14.2234,9.9928],[14.2095,9.9896],[14.2065,9.9869],[14.2039,9.9847],[14.2012,9.9823],[14.201,9.9822],[14.2002,9.9815],[14.1924,9.9652],[14.1924,9.9652],[14.1933,9.9652],[14.192,9.9562],[14.1912,9.9511],[14.1889,9.9424],[14.1852,9.9362],[14.1818,9.9136],[14.1813,9.9121],[14.1776,9.9003],[14.167,9.8839],[14.167,9.8839],[14.1663,9.8833],[14.1624,9.8793],[14.1549,9.8692],[14.1543,9.8683],[14.1489,9.8611],[14.1323,9.8384],[14.1253,9.8289],[14.1179,9.8195],[14.1089,9.8096],[14.1068,9.8073],[14.1068,9.8073],[14.1053,9.804],[14.1043,9.8018],[14.0839,9.7833],[14.0806,9.7752],[14.0788,9.7709],[14.0754,9.7667],[14.0753,9.7667],[14.068,9.7635],[14.0497,9.7515],[14.0419,9.7417],[14.0386,9.7375],[14.025,9.7057],[14.0249,9.7057],[14.0231,9.6894],[14.0203,9.6751],[14.0195,9.6708],[14.0201,9.6634],[14.0209,9.6528],[14.0221,9.6471],[14.0221,9.6471],[14.0413,9.6306],[14.0467,9.6253],[14.0552,9.6052],[14.062,9.5892],[14.0621,9.5892],[14.0737,9.5779],[14.076,9.5757],[14.076,9.5757],[14.0783,9.575],[14.0783,9.575],[14.0802,9.5702],[14.0811,9.5681],[14.0864,9.5624],[14.0928,9.5572],[14.0997,9.5518],[14.1074,9.5393],[14.1085,9.5376],[14.1085,9.5376],[14.1157,9.5298],[14.1359,9.5082],[14.1424,9.5036],[14.1493,9.4988],[14.1529,9.4964],[14.1536,9.496],[14.1574,9.4935],[14.167,9.485],[14.167,9.485],[14.1693,9.4842],[14.1772,9.4813],[14.1867,9.4804],[14.1911,9.4781],[14.1936,9.468],[14.1953,9.4616],[14.1967,9.4501],[14.2013,9.4471],[14.2117,9.445],[14.2249,9.4354],[14.2361,9.4193],[14.2447,9.3998],[14.2458,9.3982],[14.2505,9.3915],[14.2653,9.3833],[14.2653,9.3832],[14.2697,9.3797],[14.2774,9.3734],[14.286,9.3706],[14.2864,9.3705],[14.2889,9.3697],[14.2985,9.3668],[14.2986,9.3667],[14.2994,9.3665],[14.2994,9.3665],[14.2998,9.3665],[14.3062,9.3666],[14.3174,9.3667],[14.3174,9.3667],[14.3274,9.3511],[14.3277,9.3503],[14.3311,9.3424],[14.3341,9.3385],[14.3363,9.3324],[14.3374,9.3295],[14.341,9.3243],[14.345,9.3187],[14.3545,9.3077],[14.377,9.2962],[14.377,9.2962],[14.3858,9.2886],[14.3892,9.2812],[14.3923,9.2744],[14.3924,9.2729],[14.3927,9.2679],[14.3904,9.2553],[14.3902,9.253],[14.3898,9.2484],[14.38,9.2289],[14.38,9.2289],[14.3795,9.2267],[14.3784,9.2222],[14.3766,9.2072],[14.3766,9.2072],[14.3808,9.1969],[14.3808,9.1969],[14.383,9.1945],[14.391,9.1861],[14.391,9.1861],[14.4044,9.1774],[14.413,9.167],[14.417,9.1652],[14.4176,9.165],[14.4176,9.165],[14.4186,9.1629],[14.4199,9.1602],[14.4199,9.1601],[14.4303,9.1517],[14.4359,9.1448],[14.437,9.1429],[14.4387,9.1402],[14.4395,9.1386],[14.4458,9.1264],[14.4495,9.1229],[14.4508,9.1225],[14.4546,9.1213],[14.459,9.1187],[14.4626,9.1165],[14.4641,9.1156],[14.467,9.1145],[14.4686,9.1139],[14.4727,9.1124],[14.475,9.1087],[14.475,9.1087],[14.475,9.1087],[14.4785,9.106],[14.4866,9.0997],[14.4933,9.0919],[14.4933,9.0897],[14.4933,9.0871],[14.4849,9.0771],[14.4843,9.0763],[14.4843,9.0763],[14.4843,9.0762],[14.4843,9.0747],[14.4843,9.074],[14.4845,9.0708],[14.49,9.062],[14.496,9.0524],[14.5042,9.0393],[14.5077,9.0351],[14.5099,9.0324],[14.5143,9.0305],[14.5224,9.0294],[14.5271,9.0287],[14.5368,9.0257],[14.5413,9.0225],[14.5469,9.0186],[14.5486,9.0174],[14.5531,9.0152],[14.5573,9.0131],[14.5597,9.0119],[14.5777,8.9947],[14.5828,8.9901],[14.589,8.9847],[14.5909,8.983],[14.6205,8.9533],[14.6263,8.9505],[14.631,8.9444],[14.6357,8.9381],[14.6391,8.9346],[14.645,8.9287],[14.6474,8.9264],[14.6477,8.9262],[14.6487,8.9269],[14.6487,8.9269],[14.654,8.9213],[14.6554,8.9194],[14.6612,8.9117],[14.6721,8.9],[14.682,8.8894],[14.6919,8.8812],[14.6981,8.8761],[14.7175,8.8632],[14.7252,8.8534],[14.7291,8.8485],[14.7345,8.8445],[14.7388,8.8413],[14.7536,8.8202],[14.7601,8.8167],[14.7665,8.8133],[14.7698,8.8137],[14.7714,8.814],[14.7779,8.8136],[14.791,8.8128],[14.795,8.8119],[14.8007,8.8107],[14.8088,8.8107],[14.817,8.8053],[14.8231,8.8013],[14.8296,8.8017],[14.836,8.804],[14.8501,8.8028],[14.8501,8.8028],[14.8552,8.809],[14.8552,8.809],[14.8573,8.8094],[14.8585,8.8096],[14.8594,8.8101],[14.8603,8.8107],[14.8613,8.811],[14.8619,8.8111],[14.8681,8.8095],[14.8681,8.8095],[14.8701,8.8118],[14.8705,8.8123],[14.8737,8.8161],[14.8737,8.8161],[14.8766,8.8131],[14.8797,8.8098],[14.8812,8.8119],[14.8815,8.8124],[14.8841,8.8133],[14.8884,8.8112],[14.8905,8.8102],[14.8979,8.809],[14.8996,8.8074],[14.9004,8.8067],[14.9049,8.7964],[14.9049,8.7964],[14.9057,8.7945],[14.9067,8.7924],[14.9068,8.7922],[14.9058,8.7869],[14.9072,8.7834],[14.91,8.7822],[14.9104,8.782],[14.9133,8.7789],[14.9152,8.7769],[14.9152,8.7769],[14.9191,8.7738],[14.9243,8.7698],[14.9253,8.769],[14.9253,8.769],[14.9253,8.769],[14.9253,8.769],[14.9246,8.7685],[14.9178,8.7636],[14.9148,8.7614],[14.9134,8.7595],[14.9121,8.7577],[14.9106,8.7557],[14.9247,8.7471],[14.9337,8.7467],[14.934,8.7467],[14.9341,8.7468],[14.9436,8.749],[14.951,8.7476],[14.9557,8.7404],[14.9723,8.734],[14.9742,8.7338],[14.9767,8.7335],[14.9767,8.7335],[14.9873,8.7227],[14.988,8.721],[14.9891,8.7181],[14.9889,8.7174],[14.9878,8.7135],[14.9863,8.7084],[14.9842,8.6939],[14.9833,8.6878],[14.9836,8.6864],[14.9847,8.6811],[14.9884,8.6774],[14.9884,8.6774],[14.9916,8.6778],[14.9988,8.6788],[15.0,8.6787],[15.0044,8.6786],[15.0071,8.6785],[15.0345,8.6707],[15.0378,8.6703],[15.0459,8.6695],[15.0528,8.6719],[15.0553,8.6727],[15.0576,8.6727],[15.0604,8.6728],[15.0659,8.6728],[15.0662,8.6729],[15.0703,8.6729],[15.0755,8.6715],[15.0794,8.6705],[15.0846,8.6711],[15.0866,8.6713],[15.0975,8.6733],[15.104,8.6734],[15.1069,8.6734],[15.1069,8.6734],[15.1098,8.6719],[15.1272,8.6629],[15.1278,8.6625],[15.1283,8.6622],[15.1396,8.6566],[15.1467,8.6531],[15.1569,8.6472],[15.1628,8.6424],[15.1742,8.6331],[15.186,8.6189],[15.1898,8.6143],[15.2076,8.6108],[15.2095,8.608],[15.2093,8.6063],[15.2088,8.6016],[15.209,8.597],[15.2094,8.5874],[15.2119,8.5733],[15.2165,8.5651],[15.2176,8.5609],[15.2188,8.5559],[15.2206,8.5439],[15.2266,8.5363],[15.2303,8.5255],[15.2307,8.5244],[15.2308,8.5227],[15.231,8.517],[15.236,8.5012],[15.246,8.537],[15.245,8.574],[15.263,8.611],[15.277,8.662],[15.2916,8.7006],[15.2995,8.7085],[15.357,8.759],[15.355,8.822],[15.357,8.87],[15.3616,8.9089],[15.365,8.937],[15.394,8.9881],[15.387,9.033],[15.3871,9.033],[15.441,9.061],[15.441,9.061],[15.432,9.092],[15.433,9.135],[15.4336,9.1771],[15.421,9.21],[15.4118,9.2077],[15.4111,9.2075],[15.411,9.2075],[15.4002,9.2115],[15.3923,9.2141],[15.3923,9.2141],[15.3865,9.2185],[15.3854,9.2191],[15.3786,9.2224],[15.3754,9.2238],[15.3697,9.225],[15.3676,9.2257],[15.3661,9.2261],[15.3632,9.2269],[15.3622,9.2271],[15.3562,9.2298],[15.3561,9.2299],[15.3557,9.2304],[15.3499,9.2375],[15.3499,9.2375],[15.3377,9.2415],[15.3376,9.2415],[15.3319,9.2445],[15.3242,9.2485],[15.3066,9.2554],[15.2937,9.2604],[15.2818,9.2659],[15.27,9.2713],[15.2445,9.2947],[15.2416,9.2961],[15.2139,9.31],[15.2057,9.3137],[15.1818,9.3246],[15.1523,9.3461],[15.1432,9.3532],[15.1379,9.3573],[15.135,9.3655],[15.1337,9.3678],[15.1311,9.3726],[15.1288,9.3758],[15.1205,9.3939],[15.1115,9.4014],[15.1039,9.412],[15.1023,9.4181],[15.1015,9.4209],[15.1008,9.4236],[15.0999,9.427],[15.0924,9.4352],[15.0893,9.4385],[15.0892,9.4397],[15.0886,9.4458],[15.0879,9.4532],[15.0879,9.4533],[15.0895,9.4594],[15.0906,9.4634],[15.0918,9.4683],[15.092,9.4724],[15.092,9.4775],[15.0885,9.4816],[15.0878,9.486],[15.0876,9.4902],[15.0875,9.4906],[15.0875,9.4907],[15.086,9.4969],[15.0869,9.5063],[15.0881,9.5212],[15.0838,9.5341],[15.0809,9.5418],[15.0742,9.5518],[15.0705,9.5592],[15.0577,9.5633],[15.0487,9.5716],[15.041,9.5857],[15.0362,9.5911],[15.0299,9.5949],[15.0272,9.5965],[15.0264,9.6008],[15.0279,9.6067],[15.0291,9.6107],[15.0291,9.6107],[15.0383,9.6186],[15.0419,9.6233],[15.0466,9.6295],[15.0471,9.6332],[15.0475,9.6364],[15.0474,9.6396],[15.0473,9.641],[15.0461,9.6454],[15.0446,9.6494],[15.0383,9.6579],[15.034,9.6615],[15.0233,9.6642],[15.0179,9.6656],[15.0143,9.6672],[14.9982,9.6742],[14.994,9.6786],[14.9898,9.683],[14.97,9.6881],[14.9663,9.6891],[14.9608,9.6923],[14.9501,9.6984],[14.9331,9.6967],[14.9304,9.6965],[14.9256,9.695],[14.9072,9.6894],[14.8991,9.6856],[14.8909,9.6818],[14.878,9.6784],[14.8627,9.6745],[14.8605,9.6739],[14.8447,9.6756],[14.8419,9.6759],[14.8178,9.668],[14.8055,9.6681],[14.7932,9.6682],[14.7703,9.6646],[14.7673,9.6641],[14.7665,9.6644],[14.749,9.6698],[14.7471,9.6856],[14.7463,9.6936],[14.7458,9.6987],[14.7455,9.7017],[14.7455,9.7017],[14.7469,9.7118],[14.7475,9.7156],[14.7486,9.7236],[14.7473,9.7286],[14.746,9.7337],[14.7441,9.7449],[14.742,9.7567],[14.7383,9.774],[14.7381,9.7805],[14.7379,9.7863],[14.7377,9.7922],[14.7372,9.7951],[14.735,9.809],[14.7341,9.8201],[14.7282,9.8226],[14.724,9.8312],[14.7212,9.8389],[14.723,9.8435],[14.7241,9.8467],[14.7262,9.852],[14.7283,9.8542],[14.7324,9.8585],[14.7332,9.8593],[14.7346,9.8645],[14.7326,9.8704],[14.7276,9.8732],[14.7259,9.8742],[14.7259,9.8742],[14.7256,9.8799],[14.7262,9.8842],[14.735,9.8945],[14.7373,9.8995],[14.7396,9.9045],[14.7416,9.916],[14.7319,9.9349],[14.7319,9.9349],[14.7319,9.9349],[14.7244,9.9513],[14.7198,9.9517],[14.7155,9.9505],[14.7155,9.9505],[14.7135,9.9499],[14.7097,9.9499],[14.7054,9.9499],[14.6917,9.9543],[14.6847,9.9565],[14.675,9.9596],[14.6599,9.963],[14.6441,9.9665],[14.6332,9.9732],[14.6213,9.9753],[14.6105,9.9773],[14.6067,9.9794],[14.6038,9.981],[14.5945,9.9822],[14.5813,9.9861],[14.5713,9.9891],[14.5441,9.9994],[14.5416,10.0],[14.5167,10.0058],[14.501,10.0086],[14.5003,10.0087],[14.4996,10.0088],[14.4996,10.0088],[14.4947,10.0093]]]},"properties":{"adm1_name":"Mayo-Kebbi Ouest","adm1_name1":null,"adm1_pcode":"TD12","center_lat":9.2579019999999996,"center_lon":14.845524729999999}},{"type":"Feature","geometry":{"type":"Polygon","coordinates":[[[20.3589,13.0587],[20.3577,13.059],[20.3577,13.0554],[20.357,13.0206],[20.357,13.02],[20.331,13.001],[20.0458,12.9352],[20.0458,12.9352],[20.045,12.935],[20.117,12.882],[20.163,12.838],[20.23,12.8],[20.2438,12.7645],[20.244,12.764],[20.204,12.729],[20.174,12.727],[20.1142,12.6144],[20.114,12.614],[20.1538,12.5315],[20.154,12.531],[20.082,12.494],[20.001,12.385],[19.94,12.246],[19.905,12.118],[19.8892,12.0795],[19.889,12.079],[19.906,12.04],[19.912,12.029],[19.9124,12.0258],[19.9211,11.96],[19.97,11.965],[20.011,11.982],[20.0112,11.9835],[20.014,12.0019],[20.0141,12.0024],[20.0186,12.0271],[20.0351,12.0281],[20.1481,12.0359],[20.237,12.042],[20.2651,12.0289],[20.2895,12.0327],[20.3032,12.035],[20.347,12.0141],[20.6324,11.8765],[20.6385,11.875],[20.9529,11.7139],[21.0559,11.6637],[21.099,11.64],[21.0961,11.546],[21.1671,11.5601],[21.4015,11.5999],[21.56,11.6268],[21.9522,11.7048],[22.0202,11.6574],[22.163,11.634],[22.4618,11.0011],[22.4622,11.0009],[22.4622,11.0009],[22.468,10.9986],[22.4686,10.9992],[22.4686,10.9992],[22.477,11.0006],[22.4793,11.0002],[22.4866,10.9988],[22.4912,10.9978],[22.494,10.9973],[22.4972,11.0031],[22.5084,11.0071],[22.509,11.0073],[22.509,11.0073],[22.5151,11.0074],[22.5207,11.0076],[22.5527,10.9937],[22.561,10.9879],[22.5687,10.9842],[22.5707,10.9843],[22.573,10.9844],[22.5747,10.9858],[22.5771,10.9877],[22.5838,10.9902],[22.6044,10.9967],[22.6094,10.9969],[22.6123,10.997],[22.6321,10.9904],[22.6507,10.9818],[22.6558,10.9795],[22.6558,10.9795],[22.6706,10.9799],[22.6818,10.9802],[22.6829,10.9802],[22.6861,10.9789],[22.6948,10.9752],[22.6948,10.9752],[22.6951,10.9753],[22.6974,10.9754],[22.7031,10.9723],[22.7108,10.9716],[22.7343,10.9745],[22.7397,10.9727],[22.7446,10.9711],[22.7544,10.9632],[22.756,10.962],[22.7574,10.9586],[22.7587,10.9557],[22.7587,10.9557],[22.7598,10.9529],[22.7612,10.9496],[22.7612,10.9496],[22.7643,10.9473],[22.7687,10.9441],[22.7687,10.9441],[22.7714,10.9446],[22.7748,10.9451],[22.7752,10.9452],[22.7757,10.9453],[22.8174,10.9345],[22.8474,10.9341],[22.8532,10.9312],[22.8658,10.9322],[22.8755,10.9314],[22.8756,10.9316],[22.8793,10.9397],[22.8808,10.9429],[22.8924,10.9825],[22.8994,11.0002],[22.9004,11.0026],[22.9064,11.0178],[22.9248,11.0768],[22.9288,11.0894],[22.9306,11.0995],[22.9312,11.1009],[22.9473,11.134],[22.9475,11.1343],[22.9857,11.2132],[22.9857,11.2132],[22.9864,11.2147],[22.988,11.2204],[22.9882,11.2213],[22.9842,11.2678],[22.9817,11.2964],[22.9817,11.2965],[22.979,11.3023],[22.9645,11.3076],[22.9521,11.3121],[22.9343,11.3187],[22.9353,11.3333],[22.9353,11.3333],[22.9382,11.3732],[22.9414,11.4177],[22.9419,11.4247],[22.91,11.422],[22.8279,11.415],[22.7914,11.4062],[22.7913,11.4061],[22.7889,11.4056],[22.7877,11.4053],[22.7848,11.441],[22.7711,11.458],[22.7689,11.4607],[22.7649,11.4657],[22.7616,11.4697],[22.74,11.4884],[22.7213,11.4946],[22.6737,11.5102],[22.6692,11.5117],[22.66,11.5147],[22.6561,11.5176],[22.6139,11.5568],[22.6134,11.5573],[22.6084,11.5619],[22.5798,11.604],[22.5689,11.6201],[22.568,11.6214],[22.5652,11.6256],[22.5618,11.6306],[22.5595,11.6572],[22.5564,11.6915],[22.5564,11.6916],[22.5561,11.6957],[22.5553,11.7048],[22.5639,11.7469],[22.564,11.7472],[22.564,11.7474],[22.5687,11.7701],[22.5769,11.817],[22.5829,11.8514],[22.5902,11.8779],[22.61,11.9501],[22.6343,12.055],[22.6349,12.0564],[22.6354,12.0576],[22.6405,12.0698],[22.6404,12.0698],[22.6394,12.0704],[22.6339,12.0737],[22.6338,12.0737],[22.6304,12.0721],[22.6292,12.07],[22.6239,12.0604],[22.6236,12.0602],[22.6179,12.0569],[22.6028,12.0608],[22.6018,12.061],[22.6017,12.0611],[22.6016,12.0612],[22.597,12.066],[22.5964,12.0666],[22.5962,12.0668],[22.5937,12.0677],[22.5886,12.065],[22.5858,12.0613],[22.566,12.0553],[22.566,12.0553],[22.5658,12.0553],[22.5575,12.0547],[22.5561,12.0546],[22.5544,12.0556],[22.5503,12.0582],[22.5487,12.0592],[22.5448,12.0588],[22.5438,12.0587],[22.5435,12.0586],[22.5249,12.05],[22.5214,12.0476],[22.5182,12.0454],[22.5154,12.0413],[22.5141,12.0394],[22.5085,12.0366],[22.4898,12.032],[22.489,12.032],[22.4782,12.0324],[22.4778,12.0324],[22.4773,12.0341],[22.4772,12.0345],[22.4772,12.0346],[22.4772,12.0346],[22.4772,12.0346],[22.4754,12.0406],[22.4739,12.0456],[22.4737,12.0463],[22.4752,12.0553],[22.4752,12.0553],[22.4753,12.0562],[22.4797,12.0629],[22.4804,12.0666],[22.4785,12.0683],[22.4776,12.0691],[22.4771,12.0777],[22.4778,12.0793],[22.483,12.0801],[22.485,12.0804],[22.4857,12.0813],[22.4857,12.0813],[22.4861,12.0818],[22.4865,12.0955],[22.4866,12.0982],[22.4898,12.1097],[22.4937,12.1414],[22.4938,12.1423],[22.4947,12.15],[22.4952,12.1539],[22.4953,12.1545],[22.496,12.1609],[22.4963,12.163],[22.4959,12.1636],[22.4919,12.1695],[22.4917,12.1697],[22.4891,12.1734],[22.4912,12.1818],[22.4919,12.185],[22.4894,12.1889],[22.4868,12.193],[22.485,12.2041],[22.4831,12.2078],[22.4787,12.2127],[22.4785,12.2129],[22.4784,12.213],[22.476,12.2152],[22.4744,12.2166],[22.4729,12.2184],[22.4725,12.2189],[22.4729,12.2196],[22.4737,12.2212],[22.476,12.2256],[22.4734,12.2376],[22.4732,12.2383],[22.471,12.2385],[22.4709,12.2385],[22.4707,12.2384],[22.4654,12.2353],[22.4649,12.235],[22.4646,12.2352],[22.4617,12.2364],[22.4605,12.237],[22.4596,12.2373],[22.4596,12.2388],[22.4596,12.2405],[22.4596,12.2406],[22.4596,12.241],[22.4617,12.2413],[22.4647,12.2472],[22.4647,12.2473],[22.4561,12.2558],[22.4488,12.2646],[22.4491,12.2652],[22.4525,12.2718],[22.4527,12.2723],[22.4531,12.2731],[22.4531,12.274],[22.453,12.2767],[22.4529,12.278],[22.4523,12.2782],[22.4444,12.2812],[22.444,12.2817],[22.4431,12.2828],[22.4418,12.2843],[22.4414,12.2849],[22.4414,12.2897],[22.4419,12.2908],[22.4439,12.2953],[22.4456,12.2967],[22.4478,12.2987],[22.4478,12.2999],[22.4478,12.3],[22.4478,12.3008],[22.4471,12.3018],[22.4423,12.3081],[22.4405,12.3096],[22.4338,12.3223],[22.4334,12.324],[22.4331,12.3257],[22.433,12.3265],[22.4324,12.3343],[22.4318,12.338],[22.4319,12.3383],[22.4331,12.343],[22.4281,12.3468],[22.428,12.3469],[22.4315,12.3534],[22.4314,12.3535],[22.43,12.3582],[22.4292,12.361],[22.4275,12.3661],[22.4252,12.3732],[22.4252,12.3753],[22.426,12.3754],[22.4333,12.3758],[22.4336,12.3765],[22.4345,12.3786],[22.4352,12.3803],[22.4354,12.3806],[22.4343,12.3824],[22.4316,12.3868],[22.4294,12.3904],[22.4242,12.3932],[22.4237,12.3934],[22.4226,12.394],[22.4194,12.3958],[22.4171,12.3996],[22.4144,12.4043],[22.4142,12.4047],[22.4108,12.4104],[22.4091,12.4111],[22.4044,12.413],[22.4037,12.4132],[22.4029,12.417],[22.4016,12.4235],[22.4016,12.4236],[22.4015,12.4236],[22.3891,12.432],[22.3873,12.4332],[22.3862,12.4314],[22.3841,12.4279],[22.3831,12.4281],[22.3731,12.431],[22.3728,12.4311],[22.3716,12.4314],[22.3648,12.446],[22.3673,12.4487],[22.3691,12.4507],[22.3723,12.4514],[22.3831,12.4586],[22.3861,12.4606],[22.3862,12.4607],[22.3866,12.4617],[22.3876,12.4642],[22.3897,12.4688],[22.3905,12.4707],[22.393,12.4764],[22.3937,12.4777],[22.3976,12.4849],[22.4037,12.496],[22.4129,12.5025],[22.4133,12.5027],[22.4133,12.5029],[22.4143,12.51],[22.4144,12.5106],[22.4176,12.5122],[22.418,12.5124],[22.4197,12.5122],[22.4198,12.5122],[22.4213,12.5121],[22.4222,12.512],[22.4254,12.5142],[22.4258,12.5145],[22.4254,12.5183],[22.4254,12.5229],[22.4254,12.5251],[22.4254,12.5254],[22.4254,12.5396],[22.4449,12.5947],[22.4559,12.626],[22.4561,12.6264],[22.4585,12.6334],[22.3999,12.65],[22.3111,12.6885],[22.3099,12.6891],[22.3098,12.6891],[22.3058,12.6914],[22.2933,12.6987],[22.2189,12.7417],[22.2155,12.7436],[22.1945,12.7558],[22.1945,12.7558],[22.1954,12.7123],[22.1954,12.7112],[22.1954,12.711],[22.1953,12.7108],[22.194,12.7098],[22.1511,12.6737],[22.1104,12.6624],[22.1091,12.6621],[22.0167,12.6403],[22.0164,12.6402],[22.0131,12.6394],[22.0078,12.638],[22.0023,12.6365],[21.9471,12.6239],[21.947,12.6239],[21.9465,12.6259],[21.9452,12.6309],[21.9447,12.6314],[21.9446,12.6316],[21.9443,12.632],[21.9439,12.6323],[21.9407,12.634],[21.9381,12.6355],[21.9381,12.6371],[21.9381,12.6372],[21.9381,12.6455],[21.9377,12.6456],[21.9297,12.6485],[21.9283,12.6504],[21.9275,12.6537],[21.9273,12.6544],[21.9272,12.6549],[21.926,12.6598],[21.9257,12.6613],[21.9257,12.6614],[21.9252,12.6618],[21.9109,12.6758],[21.8996,12.6794],[21.8994,12.6796],[21.8942,12.6832],[21.8934,12.6843],[21.8866,12.6943],[21.8865,12.6944],[21.8865,12.6945],[21.8865,12.6952],[21.8868,12.6998],[21.8869,12.7015],[21.8869,12.7018],[21.8866,12.703],[21.8859,12.7064],[21.8856,12.7073],[21.8822,12.7101],[21.8786,12.7131],[21.8703,12.7199],[21.8693,12.7207],[21.8627,12.7261],[21.8627,12.7261],[21.8626,12.7262],[21.8591,12.7324],[21.858,12.7344],[21.857,12.7361],[21.8569,12.7363],[21.8568,12.7369],[21.8556,12.7415],[21.8557,12.7459],[21.8557,12.7459],[21.8557,12.7464],[21.8565,12.7486],[21.8587,12.755],[21.8588,12.7555],[21.8592,12.7565],[21.8602,12.7594],[21.8609,12.7616],[21.8609,12.7618],[21.8601,12.7688],[21.8526,12.7772],[21.8526,12.7772],[21.8525,12.7772],[21.8521,12.7773],[21.849,12.7777],[21.8421,12.7787],[21.8414,12.7788],[21.8374,12.7836],[21.8341,12.7908],[21.8301,12.7946],[21.8294,12.7953],[21.8223,12.7996],[21.8185,12.8019],[21.8156,12.8037],[21.8155,12.8044],[21.8151,12.8073],[21.8138,12.8078],[21.776,12.816],[21.743,12.826],[21.681,12.861],[21.645,12.845],[21.598,12.827],[21.539,12.808],[21.484,12.778],[21.44,12.734],[21.4205,12.7218],[21.4158,12.7167],[21.4075,12.7047],[21.387,12.678],[21.358,12.647],[21.313,12.665],[21.269,12.672],[21.224,12.67],[21.139,12.649],[21.1113,12.6489],[21.099,12.642],[21.0865,12.6344],[21.022,12.658],[20.932,12.694],[20.929,12.752],[20.9291,12.7524],[20.941,12.8],[20.9409,12.8001],[20.915,12.853],[20.887,12.858],[20.845,12.866],[20.7909,12.8856],[20.7722,12.8874],[20.7641,12.8882],[20.7642,12.8889],[20.773,12.932],[20.773,12.9322],[20.763,12.978],[20.763,13.017],[20.662,13.009],[20.6129,13.0092],[20.54,13.012],[20.4949,13.0196],[20.4699,13.0269],[20.447,13.0335],[20.3589,13.0587]]]},"properties":{"adm1_name":"Sila","adm1_name1":null,"adm1_pcode":"TD21","center_lat":11.992707360000001,"center_lon":21.505598840000001}},{"type":"Feature","geometry":{"type":"Polygon","coordinates":[[[19.7019,10.5872],[19.7019,10.5872],[19.7,10.5858],[19.6964,10.5831],[19.6905,10.5787],[19.6899,10.5783],[19.6819,10.5724],[19.619,10.526],[19.6123,10.5168],[19.5841,10.4781],[19.584,10.478],[19.533,10.475],[19.496,10.496],[19.43,10.469],[19.43,10.469],[19.391,10.425],[19.382,10.382],[19.3441,10.3441],[19.344,10.344],[19.355,10.299],[19.321,10.27],[19.2841,10.2241],[19.284,10.224],[19.241,10.209],[19.2164,10.1882],[19.215,10.187],[19.208,10.1461],[19.208,10.146],[19.161,10.155],[19.1575,10.151],[19.138,10.129],[19.126,10.084],[19.081,10.0015],[19.0762,10.0001],[19.0354,9.988],[18.825,9.988],[18.825,9.988],[18.794,9.8791],[18.794,9.879],[18.737,9.877],[18.632,9.919],[18.642,10.025],[18.496,10.186],[18.437,10.212],[18.381,10.247],[18.341,10.24],[18.289,10.262],[18.247,10.293],[18.209,10.322],[18.164,10.346],[18.104,10.365],[18.067,10.35],[18.013,10.381],[17.962,10.397],[17.864,10.497],[17.725,10.477],[17.5431,10.451],[17.543,10.451],[17.489,10.172],[17.5196,10.1591],[17.5237,10.1573],[17.5491,10.131],[17.5827,10.0961],[17.5827,10.0961],[17.5827,10.096],[17.5938,10.0281],[17.6318,9.9759],[17.6321,9.9688],[17.6349,9.8947],[17.6349,9.8947],[17.6353,9.8859],[17.6622,9.8675],[17.664,9.8662],[17.6646,9.8658],[17.67,9.8603],[17.7215,9.8082],[17.5932,9.6753],[17.5922,9.6743],[17.5911,9.6731],[17.591,9.673],[17.591,9.673],[17.575,9.624],[17.5649,9.6111],[17.5541,9.5971],[17.554,9.597],[17.5956,9.5673],[17.6205,9.5428],[17.6444,9.503],[17.6589,9.4695],[17.6659,9.4485],[17.6672,9.4482],[17.6724,9.4471],[17.6729,9.447],[17.6757,9.4464],[17.6851,9.4486],[17.6954,9.4466],[17.7103,9.4455],[17.7129,9.4451],[17.7189,9.4444],[17.7209,9.4441],[17.7234,9.4438],[17.7278,9.4439],[17.7289,9.4439],[17.7367,9.4444],[17.7427,9.4419],[17.7462,9.4405],[17.7509,9.4398],[17.757,9.4388],[17.7631,9.4358],[17.7756,9.417],[17.7796,9.4092],[17.788,9.3926],[17.7944,9.3801],[17.7972,9.3745],[17.7984,9.3723],[17.8009,9.3673],[17.8037,9.3619],[17.8112,9.347],[17.8122,9.3434],[17.8127,9.3416],[17.813,9.3406],[17.8144,9.336],[17.8167,9.3315],[17.8198,9.3255],[17.8231,9.3067],[17.8246,9.299],[17.8254,9.2956],[17.8346,9.2931],[17.8353,9.2929],[17.8419,9.2911],[17.843,9.2906],[17.8505,9.287],[17.8935,9.2661],[17.9244,9.2509],[17.943,9.2399],[17.954,9.2357],[17.9669,9.2305],[17.9679,9.2301],[17.9683,9.2299],[17.9887,9.2202],[17.9938,9.2177],[18.0032,9.2026],[18.0095,9.1998],[18.0116,9.1989],[18.0145,9.1986],[18.035,9.1963],[18.046,9.1935],[18.0551,9.1909],[18.0887,9.188],[18.0928,9.1876],[18.1037,9.1868],[18.112,9.1862],[18.1234,9.1838],[18.1389,9.1806],[18.144,9.1796],[18.1529,9.1786],[18.1645,9.1772],[18.1752,9.1772],[18.1835,9.1765],[18.2001,9.1763],[18.2001,9.1763],[18.1979,9.1621],[18.1931,9.1516],[18.1871,9.1417],[18.1675,9.1114],[18.1553,9.0909],[18.1512,9.084],[18.147,9.0769],[18.1264,9.0487],[18.1239,9.0456],[18.1219,9.0432],[18.1116,9.0306],[18.1093,9.0279],[18.1091,9.0277],[18.107,9.0256],[18.1018,9.0208],[18.1008,9.0199],[18.1008,9.0199],[18.0911,9.0184],[18.0829,9.017],[18.0747,9.015],[18.0454,9.0054],[18.0258,8.9974],[18.0257,8.9974],[18.0227,8.9942],[18.0209,8.9922],[18.0177,8.9888],[18.0093,8.9798],[18.0073,8.9772],[18.0023,8.9701],[17.9995,8.9679],[17.9994,8.9678],[17.9958,8.9589],[17.9959,8.9561],[17.9962,8.9489],[17.9972,8.9267],[17.9973,8.9227],[17.9976,8.9173],[17.9998,8.9068],[18.0003,8.9043],[18.001,8.9021],[18.004,8.8926],[18.006,8.889],[18.0089,8.8836],[18.0099,8.8735],[18.0144,8.8595],[18.018,8.8486],[18.0191,8.8443],[18.0199,8.8437],[18.0215,8.8426],[18.0224,8.8419],[18.0245,8.8404],[18.0264,8.8361],[18.0278,8.8303],[18.0424,8.8095],[18.0518,8.8025],[18.0578,8.7958],[18.0583,8.7953],[18.0592,8.7924],[18.0615,8.7849],[18.0618,8.7666],[18.0619,8.763],[18.0619,8.7627],[18.0605,8.7592],[18.0592,8.7559],[18.0582,8.7525],[18.0568,8.747],[18.0538,8.7363],[18.0526,8.7323],[18.0504,8.7196],[18.0499,8.7174],[18.0493,8.7151],[18.0494,8.7048],[18.0494,8.6735],[18.0492,8.6646],[18.0491,8.6619],[18.0493,8.6608],[18.051,8.652],[18.0524,8.6458],[18.0549,8.6397],[18.0572,8.6332],[18.0579,8.6287],[18.0594,8.619],[18.064,8.5993],[18.0651,8.596],[18.069,8.585],[18.0702,8.5816],[18.0724,8.5772],[18.0785,8.5654],[18.0899,8.5606],[18.0932,8.5601],[18.0941,8.5599],[18.0941,8.5599],[18.0998,8.5551],[18.1029,8.553],[18.1091,8.5532],[18.1122,8.5512],[18.1169,8.5468],[18.122,8.5332],[18.1231,8.5301],[18.124,8.5257],[18.1267,8.5118],[18.1277,8.4975],[18.1283,8.4883],[18.1284,8.4853],[18.1286,8.4699],[18.1419,8.424],[18.1444,8.4158],[18.1538,8.3953],[18.1614,8.3861],[18.1682,8.3761],[18.1779,8.3398],[18.1776,8.307],[18.1775,8.2972],[18.1726,8.2787],[18.168,8.2613],[18.167,8.2517],[18.1681,8.2347],[18.169,8.22],[18.1695,8.2138],[18.17,8.2072],[18.1775,8.1745],[18.1781,8.1715],[18.1828,8.148],[18.1845,8.1391],[18.1878,8.1226],[18.1913,8.1026],[18.1936,8.0901],[18.1944,8.0853],[18.1956,8.0786],[18.1995,8.0679],[18.2045,8.0557],[18.2131,8.0242],[18.214,8.0194],[18.2275,8.0204],[18.2533,8.0222],[18.2536,8.0223],[18.263,8.0216],[18.2704,8.0211],[18.2704,8.0211],[18.2704,8.0211],[18.2743,8.024],[18.2984,8.0257],[18.2985,8.0257],[18.3027,8.026],[18.305,8.0262],[18.311,8.0267],[18.3112,8.0267],[18.3121,8.0268],[18.3158,8.0272],[18.3268,8.0282],[18.3304,8.0286],[18.3362,8.0285],[18.3364,8.0285],[18.3365,8.0285],[18.3421,8.0284],[18.3797,8.0316],[18.38,8.0317],[18.3801,8.0317],[18.4016,8.0335],[18.4023,8.0335],[18.4124,8.0327],[18.4132,8.0327],[18.4174,8.0332],[18.4176,8.0333],[18.4212,8.0337],[18.4233,8.0349],[18.4242,8.0355],[18.4243,8.0355],[18.4497,8.0365],[18.4501,8.0365],[18.4501,8.0365],[18.4505,8.0365],[18.454,8.0362],[18.4566,8.0377],[18.4568,8.0378],[18.4819,8.0384],[18.4865,8.0388],[18.4884,8.039],[18.4905,8.0393],[18.4905,8.0393],[18.4993,8.0407],[18.502,8.0411],[18.5039,8.0412],[18.5476,8.0441],[18.5502,8.0443],[18.5513,8.0444],[18.5598,8.0449],[18.5598,8.0449],[18.5696,8.0456],[18.5823,8.0461],[18.5963,8.0465],[18.6002,8.0467],[18.6016,8.0467],[18.6033,8.0479],[18.6033,8.0479],[18.6046,8.0488],[18.6134,8.0502],[18.6152,8.0511],[18.6153,8.0512],[18.6181,8.0525],[18.6246,8.0597],[18.6237,8.0626],[18.6237,8.0628],[18.6233,8.0641],[18.6244,8.0735],[18.6273,8.0775],[18.6276,8.0779],[18.6279,8.0783],[18.6279,8.0783],[18.6279,8.0783],[18.6285,8.0787],[18.6299,8.0796],[18.6351,8.0832],[18.6351,8.0832],[18.6351,8.0832],[18.6371,8.091],[18.6308,8.1209],[18.6303,8.1235],[18.6301,8.1241],[18.6299,8.125],[18.6286,8.1311],[18.6282,8.1389],[18.6282,8.1399],[18.6281,8.1412],[18.629,8.1438],[18.6291,8.144],[18.63,8.1465],[18.6335,8.1517],[18.6335,8.1518],[18.6413,8.1637],[18.6414,8.1637],[18.6414,8.1638],[18.6455,8.1685],[18.6461,8.1691],[18.6528,8.1769],[18.6532,8.1775],[18.655,8.1806],[18.6556,8.1817],[18.6578,8.1855],[18.6577,8.195],[18.6577,8.195],[18.6577,8.195],[18.6592,8.1968],[18.6597,8.1973],[18.6666,8.2059],[18.6704,8.2092],[18.6704,8.2093],[18.6736,8.2122],[18.6783,8.2133],[18.6787,8.2134],[18.6803,8.2137],[18.681,8.2139],[18.6845,8.2173],[18.6866,8.2192],[18.6892,8.2218],[18.6893,8.2219],[18.6897,8.2223],[18.6903,8.2226],[18.6908,8.2228],[18.6935,8.224],[18.7001,8.2269],[18.7106,8.2316],[18.7126,8.2321],[18.7262,8.2352],[18.729,8.2359],[18.7308,8.2363],[18.7349,8.2372],[18.7402,8.2399],[18.7452,8.2398],[18.7455,8.2398],[18.7481,8.2398],[18.7481,8.24],[18.7481,8.2401],[18.7481,8.2407],[18.7488,8.2409],[18.7585,8.2436],[18.759,8.2437],[18.7638,8.245],[18.7643,8.2451],[18.7671,8.2458],[18.7742,8.2474],[18.7749,8.2476],[18.7804,8.2493],[18.7805,8.2494],[18.7859,8.2546],[18.797,8.2597],[18.7996,8.26],[18.7999,8.2601],[18.8044,8.2607],[18.8077,8.2648],[18.8098,8.2675],[18.8141,8.2712],[18.8196,8.2761],[18.8199,8.2763],[18.8239,8.2811],[18.8304,8.2843],[18.8372,8.289],[18.8372,8.289],[18.8372,8.289],[18.8372,8.289],[18.8401,8.2963],[18.8402,8.2963],[18.8402,8.2963],[18.8421,8.2977],[18.8432,8.2985],[18.8509,8.3054],[18.8546,8.3148],[18.8553,8.3172],[18.8553,8.3174],[18.8566,8.3222],[18.8571,8.3239],[18.8571,8.324],[18.8565,8.328],[18.8565,8.3282],[18.8555,8.3347],[18.8553,8.3353],[18.8552,8.3353],[18.8551,8.3357],[18.8538,8.3419],[18.8538,8.3419],[18.8538,8.3419],[18.8508,8.3468],[18.8505,8.3473],[18.8505,8.3473],[18.8505,8.3473],[18.8519,8.3477],[18.8521,8.3477],[18.8533,8.3481],[18.8572,8.3473],[18.8572,8.3473],[18.8637,8.3443],[18.8667,8.3428],[18.8684,8.342],[18.869,8.342],[18.8696,8.3419],[18.8762,8.3412],[18.8762,8.3412],[18.8761,8.3413],[18.8738,8.3449],[18.8738,8.3449],[18.8738,8.3449],[18.8736,8.346],[18.8736,8.3462],[18.8734,8.3484],[18.8742,8.3499],[18.8743,8.35],[18.8767,8.3543],[18.8767,8.3543],[18.8798,8.3563],[18.8859,8.355],[18.886,8.355],[18.8876,8.357],[18.8876,8.357],[18.8861,8.3598],[18.8859,8.3602],[18.8837,8.3642],[18.8851,8.3662],[18.8865,8.3665],[18.8865,8.3665],[18.8874,8.3666],[18.8874,8.3666],[18.8902,8.3663],[18.8904,8.3663],[18.892,8.3661],[18.8996,8.3641],[18.9008,8.3663],[18.9004,8.3707],[18.9012,8.3717],[18.9013,8.3719],[18.9033,8.3743],[18.9071,8.3757],[18.9072,8.3758],[18.9102,8.3769],[18.9081,8.3841],[18.9106,8.3869],[18.9107,8.387],[18.9107,8.387],[18.9124,8.3872],[18.9194,8.3877],[18.9195,8.3877],[18.9195,8.3877],[18.9239,8.3904],[18.9239,8.3904],[18.9239,8.3904],[18.9239,8.3904],[18.9238,8.3927],[18.9236,8.3962],[18.9254,8.3978],[18.9254,8.3979],[18.9274,8.3997],[18.9272,8.4004],[18.9272,8.4004],[18.927,8.4014],[18.9199,8.4034],[18.9174,8.4064],[18.9207,8.4093],[18.9216,8.4107],[18.9216,8.4107],[18.9223,8.4118],[18.9231,8.4129],[18.921,8.4208],[18.9217,8.4242],[18.923,8.4255],[18.9232,8.4257],[18.9243,8.4267],[18.9243,8.4267],[18.9243,8.4267],[18.9303,8.4259],[18.9303,8.4259],[18.9303,8.4259],[18.9309,8.4267],[18.9309,8.4267],[18.9317,8.4279],[18.9315,8.4309],[18.9315,8.4309],[18.9314,8.4325],[18.9314,8.4326],[18.932,8.4351],[18.9321,8.4353],[18.9324,8.4366],[18.9324,8.4366],[18.9324,8.4366],[18.9371,8.4422],[18.9371,8.4423],[18.9413,8.4449],[18.9415,8.445],[18.9444,8.4469],[18.9572,8.4599],[18.9704,8.4642],[18.9726,8.4679],[18.9726,8.4679],[18.9709,8.4766],[18.9729,8.4816],[18.9771,8.4832],[18.9783,8.4844],[18.9783,8.4845],[18.9811,8.4874],[18.987,8.4889],[18.9873,8.489],[18.9885,8.4893],[18.9885,8.4893],[18.9885,8.4893],[18.9973,8.4999],[18.9943,8.5037],[18.9923,8.5061],[18.9908,8.508],[18.9908,8.508],[18.9901,8.509],[18.9899,8.5093],[18.989,8.5107],[18.989,8.5107],[18.989,8.5107],[18.989,8.5107],[18.989,8.5107],[18.9891,8.5109],[18.9896,8.513],[18.991,8.5142],[18.991,8.5142],[18.9917,8.5148],[18.9917,8.5148],[18.9917,8.5148],[19.0,8.5158],[19.0,8.5158],[19.0024,8.517],[19.0069,8.5225],[19.0076,8.5233],[19.0082,8.524],[19.0112,8.5236],[19.0113,8.5236],[19.014,8.5232],[19.014,8.5232],[19.0142,8.5236],[19.016,8.5276],[19.0212,8.5274],[19.0217,8.5273],[19.0227,8.5273],[19.0227,8.5273],[19.0227,8.5273],[19.0276,8.5313],[19.0277,8.5314],[19.0291,8.5325],[19.0291,8.5325],[19.0291,8.5325],[19.0299,8.5341],[19.0301,8.5344],[19.0317,8.5376],[19.0321,8.5404],[19.0322,8.5412],[19.0331,8.5491],[19.0331,8.5491],[19.0331,8.5491],[19.0361,8.5508],[19.0363,8.5509],[19.0423,8.5543],[19.0423,8.5547],[19.0422,8.5571],[19.0422,8.5574],[19.0421,8.5619],[19.0448,8.5701],[19.0465,8.5755],[19.0461,8.5971],[19.0492,8.6025],[19.0492,8.6025],[19.0494,8.6029],[19.0501,8.6035],[19.0585,8.6108],[19.0585,8.6108],[19.0597,8.6124],[19.0599,8.6127],[19.0635,8.6174],[19.0658,8.6374],[19.0703,8.6401],[19.0703,8.6401],[19.0775,8.6408],[19.0778,8.6408],[19.0778,8.6408],[19.0778,8.6408],[19.0836,8.6492],[19.0836,8.6492],[19.091,8.6496],[19.091,8.6496],[19.0935,8.6515],[19.094,8.6519],[19.0943,8.6526],[19.0966,8.6577],[19.0999,8.6605],[19.1005,8.661],[19.1133,8.6647],[19.1204,8.6686],[19.1207,8.6687],[19.1222,8.6713],[19.1215,8.6754],[19.1182,8.677],[19.1163,8.678],[19.1159,8.6783],[19.1125,8.6819],[19.109,8.6857],[19.1055,8.6927],[19.105,8.6939],[19.1051,8.6987],[19.0998,8.6995],[19.0998,8.6995],[19.0933,8.7036],[19.0931,8.7037],[19.0822,8.7105],[19.0822,8.7105],[19.0818,8.7106],[19.0813,8.7107],[19.0719,8.7125],[19.0713,8.7126],[19.0595,8.7158],[19.0595,8.7158],[19.0594,8.7158],[19.0418,8.7274],[19.0333,8.7355],[19.0333,8.7355],[19.0302,8.7415],[19.0213,8.7582],[19.0213,8.7583],[19.0196,8.7614],[19.0174,8.7633],[19.0145,8.7657],[19.0,8.7704],[18.9991,8.77],[18.9971,8.7693],[18.9867,8.7738],[18.9852,8.7744],[18.9704,8.7814],[18.9704,8.7814],[18.9629,8.7864],[18.9604,8.7881],[18.9587,8.7905],[18.9566,8.7935],[18.9523,8.8092],[18.9466,8.8128],[18.9427,8.8126],[18.9359,8.81],[18.93,8.8057],[18.923,8.8004],[18.923,8.8004],[18.9182,8.8021],[18.9182,8.8021],[18.9168,8.8026],[18.9097,8.8069],[18.9097,8.8069],[18.9071,8.8146],[18.9066,8.821],[18.9066,8.8215],[18.9067,8.8339],[18.9068,8.8417],[18.9068,8.8417],[18.9068,8.8418],[18.9063,8.8468],[18.9026,8.8493],[18.9008,8.8506],[18.8941,8.8519],[18.8889,8.8514],[18.8886,8.8513],[18.8882,8.8511],[18.8839,8.8482],[18.8808,8.8437],[18.8814,8.8405],[18.8814,8.8405],[18.88,8.8409],[18.8791,8.8412],[18.8783,8.8412],[18.8765,8.8411],[18.8764,8.8411],[18.8745,8.8411],[18.8727,8.8421],[18.8715,8.8428],[18.8686,8.8493],[18.8686,8.8493],[18.8659,8.85],[18.8636,8.8505],[18.8625,8.8526],[18.8625,8.8526],[18.866,8.8593],[18.8673,8.8617],[18.8668,8.863],[18.8655,8.8659],[18.8657,8.8714],[18.8683,8.8757],[18.8798,8.881],[18.8823,8.8811],[18.8871,8.885],[18.8927,8.8896],[18.8927,8.8907],[18.8927,8.8914],[18.8927,8.8924],[18.8925,8.8929],[18.8923,8.8935],[18.8908,8.8944],[18.8886,8.8957],[18.8877,8.8968],[18.8866,8.898],[18.8881,8.8999],[18.889,8.901],[18.8957,8.9013],[18.9053,8.8978],[18.9053,8.8978],[18.9078,8.9036],[18.9117,8.9126],[18.9165,8.9199],[18.9186,8.9231],[18.9198,8.9239],[18.9226,8.926],[18.9283,8.9262],[18.933,8.9264],[18.9431,8.931],[18.9482,8.9307],[18.9527,8.9283],[18.9527,8.9283],[18.954,8.9279],[18.9571,8.927],[18.9579,8.9272],[18.9604,8.9276],[18.9615,8.931],[18.9617,8.9316],[18.9617,8.9318],[18.9624,8.9338],[18.9661,8.936],[18.9685,8.9403],[18.9752,8.9414],[18.9759,8.9415],[18.9762,8.9425],[18.9767,8.9449],[18.9775,8.9484],[18.9814,8.9537],[18.9838,8.9684],[18.9847,8.97],[18.9876,8.9752],[18.9911,8.978],[18.9927,8.9792],[18.9962,8.9796],[18.9988,8.9798],[18.9997,8.9792],[19.0,8.979],[19.0007,8.9786],[19.0042,8.977],[19.0066,8.9775],[19.0097,8.9781],[19.0107,8.979],[19.0136,8.9818],[19.0187,8.9909],[19.0225,8.9943],[19.0233,8.9951],[19.0233,8.9951],[19.0254,8.996],[19.0283,8.9972],[19.0432,8.9943],[19.0507,8.9977],[19.0544,8.9968],[19.0544,8.9967],[19.0586,8.9957],[19.0586,8.9957],[19.0592,8.9964],[19.0619,8.9994],[19.0619,8.9994],[19.0666,9.0046],[19.0698,9.0053],[19.0698,9.0054],[19.0758,9.0039],[19.076,9.0039],[19.076,9.0039],[19.0761,9.0041],[19.0777,9.0149],[19.0917,9.0205],[19.0956,9.0196],[19.0962,9.0186],[19.1,9.0119],[19.1,9.0118],[19.1011,9.0098],[19.1046,9.0085],[19.1211,9.007],[19.1241,9.0056],[19.1246,9.0054],[19.1266,9.0065],[19.1273,9.0069],[19.1314,9.0056],[19.132,9.0054],[19.1352,9.0045],[19.1373,9.0054],[19.1412,9.0071],[19.1449,9.0078],[19.1458,9.008],[19.1508,9.0089],[19.157,9.0138],[19.157,9.0138],[19.1584,9.0142],[19.1618,9.015],[19.1671,9.0164],[19.1699,9.0171],[19.1734,9.0221],[19.175,9.0245],[19.175,9.0245],[19.1778,9.0247],[19.1803,9.0248],[19.1878,9.0215],[19.1921,9.0216],[19.1924,9.0216],[19.1924,9.0216],[19.1989,9.0241],[19.2184,9.0315],[19.2194,9.0305],[19.2224,9.0276],[19.2236,9.0274],[19.2254,9.027],[19.2355,9.0288],[19.2409,9.0259],[19.2527,9.0259],[19.2549,9.0246],[19.2568,9.0235],[19.2618,9.0208],[19.2637,9.0178],[19.2676,9.0152],[19.2705,9.0133],[19.2724,9.0127],[19.2736,9.0123],[19.274,9.0122],[19.2751,9.0118],[19.2828,9.0117],[19.2898,9.0115],[19.295,9.01],[19.297,9.0094],[19.3023,9.0079],[19.3043,9.0079],[19.3092,9.0078],[19.3133,9.0089],[19.3133,9.0089],[19.3188,9.0105],[19.3216,9.0113],[19.3379,9.0203],[19.3546,9.0156],[19.3579,9.0134],[19.3657,9.0131],[19.379,9.018],[19.379,9.018],[19.3794,9.0179],[19.3888,9.0168],[19.3904,9.0171],[19.3957,9.0183],[19.396,9.0188],[19.3986,9.0225],[19.4011,9.026],[19.414,9.0249],[19.4207,9.0278],[19.4281,9.0259],[19.4304,9.0258],[19.4316,9.0258],[19.4316,9.0258],[19.4327,9.0266],[19.4391,9.0312],[19.4391,9.0312],[19.44,9.0302],[19.4412,9.0289],[19.4495,9.0255],[19.4508,9.025],[19.4514,9.025],[19.4581,9.0255],[19.4582,9.0255],[19.4592,9.0178],[19.4592,9.0178],[19.4697,9.0181],[19.4738,9.0182],[19.4791,9.0144],[19.4826,9.0152],[19.4865,9.0188],[19.4883,9.0205],[19.4883,9.0205],[19.4885,9.0203],[19.4909,9.0181],[19.4909,9.0181],[19.4914,9.0181],[19.4933,9.0183],[19.4941,9.0183],[19.4973,9.0212],[19.4973,9.0212],[19.4989,9.032],[19.4989,9.032],[19.5001,9.033],[19.501,9.0339],[19.5021,9.0339],[19.5068,9.0342],[19.5107,9.0321],[19.5119,9.0315],[19.5119,9.0315],[19.5138,9.0236],[19.5146,9.0198],[19.5172,9.0171],[19.5205,9.0167],[19.523,9.0163],[19.5291,9.0174],[19.5352,9.0186],[19.5397,9.0213],[19.5426,9.0231],[19.5544,9.0352],[19.5592,9.0367],[19.5603,9.0366],[19.5687,9.0364],[19.5711,9.038],[19.5728,9.0392],[19.5776,9.04],[19.5805,9.0379],[19.5818,9.037],[19.5818,9.037],[19.5821,9.0367],[19.5859,9.0309],[19.5903,9.0277],[19.5932,9.0257],[19.602,9.0194],[19.6144,9.0215],[19.6314,9.0184],[19.6314,9.0184],[19.6437,9.0228],[19.647,9.024],[19.6554,9.024],[19.659,9.024],[19.659,9.024],[19.6601,9.0234],[19.6638,9.0217],[19.664,9.0216],[19.6667,9.0204],[19.6676,9.0205],[19.6692,9.0206],[19.672,9.0208],[19.6836,9.0293],[19.7019,9.0275],[19.7019,9.0275],[19.7037,9.0288],[19.7092,9.0328],[19.7199,9.0406],[19.7215,9.0445],[19.733,9.0444],[19.735,9.0444],[19.735,9.0444],[19.7437,9.0489],[19.7596,9.0493],[19.7609,9.0497],[19.7633,9.0503],[19.7717,9.0565],[19.7729,9.0574],[19.7795,9.0585],[19.78,9.0586],[19.7893,9.0585],[19.7981,9.0562],[19.8043,9.0567],[19.8124,9.0587],[19.8225,9.0643],[19.8225,9.0643],[19.8277,9.0519],[19.8287,9.0495],[19.8327,9.045],[19.8355,9.0434],[19.842,9.044],[19.842,9.044],[19.8441,9.0467],[19.8442,9.0469],[19.8446,9.0475],[19.8495,9.0537],[19.8524,9.0564],[19.8565,9.0601],[19.8645,9.0645],[19.8717,9.0658],[19.8717,9.0658],[19.8721,9.0656],[19.878,9.0631],[19.8812,9.0634],[19.8829,9.0636],[19.8847,9.0622],[19.8862,9.061],[19.8944,9.0622],[19.9049,9.0683],[19.9049,9.0683],[19.9091,9.0669],[19.9195,9.0634],[19.9271,9.0608],[19.9307,9.0679],[19.9327,9.0793],[19.9327,9.0793],[19.9332,9.0802],[19.9354,9.0844],[19.9354,9.0844],[19.9394,9.0871],[19.9408,9.0878],[19.9418,9.0883],[19.9476,9.0885],[19.9575,9.0888],[19.9803,9.092],[19.9854,9.0953],[19.9872,9.0965],[19.988,9.0979],[19.988,9.0979],[19.988,9.098],[19.9881,9.0981],[19.9857,9.102],[19.9844,9.1041],[19.9842,9.1046],[19.9821,9.1088],[19.923,9.269],[19.8338,9.5243],[19.7931,9.6409],[19.695,9.911],[19.6567,9.9996],[19.613,10.067],[19.6131,10.0671],[19.654,10.097],[19.654,10.097],[19.648,10.156],[19.6481,10.1561],[19.6504,10.1602],[19.681,10.213],[19.692,10.267],[19.635,10.289],[19.7019,10.5872]]]},"properties":{"adm1_name":"Moyen-Chari","adm1_name1":null,"adm1_pcode":"TD13","center_lat":9.3028375000000008,"center_lon":18.867521369999999}},{"type":"Feature","geometry":{"type":"Polygon","coordinates":[[[16.602,10.236],[16.584,10.265],[16.483,10.2],[16.23,10.202],[16.1963,10.2092],[16.1979,10.2069],[16.2016,10.2042],[16.2117,10.1974],[16.238,10.1799],[16.241,10.134],[16.2422,10.1057],[16.243,10.086],[16.263,10.031],[16.2455,10.0065],[16.2291,9.9835],[16.2179,9.9487],[16.2017,9.911],[16.1853,9.8858],[16.1663,9.8641],[16.16,9.8519],[16.1536,9.8397],[16.138,9.8104],[16.1064,9.7772],[16.0967,9.7642],[16.0945,9.7612],[16.0675,9.7405],[16.0325,9.7019],[15.9977,9.6843],[15.9809,9.673],[15.9699,9.6656],[15.9598,9.661],[15.9328,9.6542],[15.9237,9.655],[15.9145,9.6558],[15.8931,9.673],[15.8892,9.6761],[15.8803,9.7018],[15.8654,9.7113],[15.8541,9.7129],[15.8414,9.7169],[15.8218,9.715],[15.8084,9.7158],[15.8026,9.7165],[15.7981,9.7186],[15.7939,9.7247],[15.755,9.708],[15.7273,9.6763],[15.7266,9.673],[15.7254,9.6666],[15.714,9.602],[15.682,9.586],[15.6782,9.544],[15.6755,9.5278],[15.675,9.525],[15.665,9.504],[15.619,9.4668],[15.6146,9.4634],[15.6111,9.4604],[15.6056,9.4559],[15.5885,9.4415],[15.5854,9.4382],[15.5551,9.4061],[15.5474,9.3967],[15.5339,9.3806],[15.521,9.364],[15.484,9.319],[15.475,9.289],[15.445,9.242],[15.4211,9.2101],[15.421,9.21],[15.4336,9.1771],[15.433,9.135],[15.432,9.092],[15.441,9.061],[15.441,9.061],[15.573,9.023],[15.602,9.033],[15.652,9.061],[15.713,9.051],[15.778,9.051],[15.819,9.039],[15.859,9.053],[15.893,9.052],[15.929,9.061],[15.9535,9.1025],[15.9581,9.1143],[15.9592,9.1149],[15.9592,9.1149],[15.984,9.129],[16.044,9.128],[16.0972,9.0983],[16.1211,9.0881],[16.1315,9.0836],[16.1571,9.0796],[16.187,9.098],[16.202,9.122],[16.2136,9.1538],[16.239,9.165],[16.2452,9.1665],[16.277,9.1741],[16.2853,9.1788],[16.335,9.225],[16.364,9.245],[16.381,9.21],[16.411,9.181],[16.414,9.15],[16.427,9.118],[16.4272,9.1181],[16.467,9.132],[16.543,9.153],[16.5712,9.1513],[16.596,9.149],[16.6243,9.1247],[16.6341,9.1185],[16.654,9.106],[16.6839,9.113],[16.7125,9.0994],[16.7131,9.0991],[16.714,9.0987],[16.772,9.071],[16.8549,9.0629],[16.986,9.05],[17.0096,9.0545],[17.0138,9.0553],[17.0303,9.0584],[17.134,9.078],[17.1341,9.0781],[17.1436,9.0876],[17.1768,9.1209],[17.222,9.166],[17.075,9.261],[17.0751,9.2611],[17.201,9.355],[17.2011,9.3551],[17.229,9.382],[17.2293,9.4213],[17.228,9.47],[17.2281,9.4701],[17.257,9.492],[17.257,9.492],[17.235,9.519],[17.216,9.545],[17.209,9.576],[17.2091,9.5761],[17.251,9.596],[17.288,9.601],[17.317,9.594],[17.3566,9.6048],[17.359,9.6055],[17.3591,9.6055],[17.417,9.6185],[17.4264,9.6196],[17.449,9.632],[17.484,9.641],[17.507,9.616],[17.554,9.597],[17.5541,9.5971],[17.5649,9.6111],[17.575,9.624],[17.591,9.673],[17.5528,9.7096],[17.521,9.74],[17.4891,9.7639],[17.461,9.785],[17.4589,9.7861],[17.4589,9.7861],[17.381,9.826],[17.322,9.827],[17.256,9.84],[17.218,9.857],[17.188,9.871],[17.164,9.92],[17.098,9.931],[17.04,9.945],[16.9728,9.9489],[16.942,9.9451],[16.9291,9.971],[16.913,9.9805],[16.8956,9.9904],[16.8867,9.9926],[16.85,10.002],[16.81,10.014],[16.776,10.01],[16.7743,10.0144],[16.768,10.031],[16.757,10.0325],[16.7459,10.0341],[16.7378,10.0531],[16.7131,10.066],[16.6981,10.0666],[16.6911,10.0669],[16.6852,10.0677],[16.6756,10.0691],[16.662,10.071],[16.646,10.0951],[16.6479,10.1172],[16.639,10.134],[16.6259,10.146],[16.6189,10.1712],[16.618,10.182],[16.617,10.1931],[16.62,10.2135],[16.6229,10.234],[16.602,10.236]]]},"properties":{"adm1_name":"Tandjilé","adm1_name1":null,"adm1_pcode":"TD16","center_lat":9.6476144999999995,"center_lon":16.65236247}},{"type":"Feature","geometry":{"type":"Polygon","coordinates":[[[16.5712,9.1513],[16.543,9.153],[16.467,9.132],[16.4272,9.1181],[16.427,9.118],[16.4357,9.1038],[16.4378,9.1005],[16.4463,9.0865],[16.4465,9.0863],[16.4486,9.0831],[16.4622,9.0626],[16.486,9.028],[16.504,8.995],[16.533,8.989],[16.5335,8.986],[16.5335,8.9858],[16.5337,8.985],[16.537,8.9646],[16.5446,8.9517],[16.5664,8.9593],[16.5731,8.9389],[16.5735,8.9377],[16.5735,8.9377],[16.5805,8.931],[16.5867,8.9251],[16.594,8.899],[16.574,8.874],[16.558,8.83],[16.521,8.777],[16.4931,8.7461],[16.493,8.746],[16.45,8.727],[16.406,8.717],[16.406,8.717],[16.3754,8.692],[16.3691,8.6834],[16.3612,8.6727],[16.3596,8.6706],[16.3586,8.6692],[16.3506,8.6557],[16.3495,8.6557],[16.3397,8.6554],[16.3106,8.6578],[16.273,8.66],[16.2021,8.6337],[16.117,8.608],[16.117,8.608],[16.1146,8.6057],[16.094,8.586],[16.0795,8.5722],[16.0751,8.5679],[16.0595,8.5631],[16.043,8.558],[15.9941,8.5346],[15.9927,8.5272],[15.9894,8.5088],[15.962,8.4932],[15.958,8.491],[15.958,8.491],[15.9523,8.4869],[15.918,8.462],[15.862,8.435],[15.862,8.435],[15.834,8.403],[15.822,8.364],[15.8031,8.3341],[15.803,8.334],[15.7791,8.336],[15.7737,8.3365],[15.7726,8.3366],[15.768,8.337],[15.729,8.334],[15.7008,8.3314],[15.685,8.33],[15.648,8.311],[15.6379,8.3052],[15.6226,8.2963],[15.6114,8.2882],[15.6096,8.2868],[15.6093,8.2866],[15.6064,8.2845],[15.605,8.2844],[15.6018,8.2842],[15.5942,8.2835],[15.594,8.2835],[15.5889,8.2828],[15.5817,8.2817],[15.5811,8.2817],[15.554,8.2714],[15.5294,8.273],[15.5368,8.2893],[15.5272,8.3025],[15.5272,8.3025],[15.5228,8.301],[15.5062,8.2954],[15.4906,8.2903],[15.4906,8.2903],[15.4895,8.2974],[15.4886,8.3029],[15.4882,8.3065],[15.4879,8.3185],[15.4877,8.328],[15.4877,8.3281],[15.4719,8.3392],[15.4549,8.353],[15.4494,8.3669],[15.4458,8.3761],[15.4458,8.3761],[15.4355,8.3739],[15.417,8.37],[15.3845,8.378],[15.342,8.403],[15.323,8.427],[15.2968,8.444],[15.2947,8.4453],[15.29,8.4479],[15.2837,8.4513],[15.2677,8.4599],[15.253,8.463],[15.2485,8.4615],[15.2514,8.4524],[15.2536,8.4441],[15.2586,8.4221],[15.2587,8.4218],[15.2587,8.4218],[15.2587,8.4217],[15.2623,8.4106],[15.2674,8.3906],[15.2706,8.3775],[15.2795,8.3388],[15.2863,8.3092],[15.2916,8.2977],[15.3019,8.2814],[15.3023,8.2803],[15.3051,8.2715],[15.308,8.2653],[15.3125,8.2559],[15.3189,8.2453],[15.3248,8.2336],[15.3269,8.2294],[15.3445,8.1936],[15.3556,8.171],[15.358,8.1677],[15.3597,8.1652],[15.3742,8.1365],[15.375,8.1347],[15.3805,8.1238],[15.3865,8.1117],[15.3937,8.0972],[15.3982,8.0882],[15.398,8.0838],[15.3948,8.0666],[15.3926,8.0552],[15.3926,8.0551],[15.3919,8.0493],[15.391,8.0409],[15.393,8.0355],[15.3953,8.0294],[15.3984,8.0187],[15.3992,8.0161],[15.4088,8.0072],[15.4089,8.0071],[15.4165,8.0],[15.4197,7.9913],[15.4199,7.9909],[15.4199,7.9909],[15.4229,7.9875],[15.4229,7.9875],[15.4245,7.9778],[15.4384,7.9377],[15.4532,7.8947],[15.4579,7.8855],[15.464,7.8733],[15.4689,7.8637],[15.4742,7.8571],[15.4889,7.8306],[15.4927,7.8279],[15.493,7.8277],[15.4938,7.8263],[15.5006,7.815],[15.5025,7.8102],[15.505,7.8036],[15.5108,7.7962],[15.5168,7.7933],[15.5218,7.7909],[15.5444,7.7856],[15.5524,7.7837],[15.5782,7.7776],[15.584,7.777],[15.5911,7.7762],[15.5973,7.7675],[15.5976,7.7626],[15.5959,7.7578],[15.5958,7.7578],[15.592,7.7506],[15.5915,7.7495],[15.5913,7.7478],[15.591,7.7443],[15.5954,7.7378],[15.593,7.7296],[15.5955,7.7208],[15.5946,7.7138],[15.5946,7.7135],[15.5957,7.6951],[15.596,7.6944],[15.5982,7.6901],[15.5956,7.6783],[15.5949,7.6754],[15.5904,7.6691],[15.5883,7.6662],[15.5864,7.6636],[15.5827,7.6584],[15.5824,7.6555],[15.5847,7.6523],[15.5866,7.6497],[15.5869,7.6454],[15.5872,7.6419],[15.5839,7.6315],[15.5816,7.6245],[15.5704,7.6114],[15.5701,7.611],[15.5701,7.611],[15.5685,7.6051],[15.5684,7.6048],[15.5684,7.6048],[15.5687,7.6038],[15.57,7.5995],[15.5721,7.5975],[15.5746,7.5951],[15.5741,7.5916],[15.5739,7.5905],[15.5709,7.5866],[15.5706,7.5865],[15.5689,7.5857],[15.5663,7.5844],[15.5663,7.5843],[15.5639,7.5813],[15.5591,7.5752],[15.5584,7.5747],[15.5499,7.569],[15.5456,7.5634],[15.5446,7.5621],[15.5407,7.5569],[15.5395,7.5559],[15.5277,7.5464],[15.5257,7.5457],[15.5229,7.5448],[15.5169,7.5322],[15.5075,7.5275],[15.5075,7.5275],[15.5149,7.5244],[15.5335,7.5166],[15.5385,7.5145],[15.5466,7.5112],[15.5508,7.511],[15.5604,7.5105],[15.6221,7.5142],[15.6221,7.5141],[15.6221,7.5132],[15.6221,7.5132],[15.6238,7.5136],[15.6396,7.5167],[15.6481,7.5155],[15.6519,7.5162],[15.6574,7.5171],[15.659,7.5174],[15.66,7.5176],[15.7005,7.5185],[15.728,7.5191],[15.7282,7.5187],[15.7299,7.5162],[15.729,7.5118],[15.7276,7.505],[15.7315,7.5006],[15.7369,7.4902],[15.743,7.4785],[15.7451,7.477],[15.7462,7.4762],[15.7462,7.4762],[15.7479,7.4759],[15.7554,7.4746],[15.7555,7.4744],[15.7581,7.4709],[15.7589,7.4651],[15.759,7.4641],[15.759,7.4638],[15.759,7.4638],[15.7664,7.4578],[15.7664,7.4578],[15.7681,7.4579],[15.7691,7.458],[15.7713,7.4603],[15.7735,7.4628],[15.7812,7.4622],[15.7853,7.4619],[15.7875,7.4608],[15.792,7.4587],[15.8,7.4549],[15.8067,7.4453],[15.8071,7.4446],[15.8095,7.4413],[15.8096,7.4411],[15.8109,7.4413],[15.8131,7.4417],[15.8168,7.4454],[15.8214,7.4459],[15.8255,7.4463],[15.8266,7.4459],[15.8299,7.4447],[15.8307,7.4448],[15.834,7.4456],[15.8402,7.4506],[15.8402,7.4506],[15.841,7.4508],[15.8458,7.4522],[15.8583,7.4528],[15.864,7.453],[15.8836,7.4603],[15.9094,7.4671],[15.9186,7.4707],[15.9186,7.4707],[15.9235,7.4738],[15.9239,7.4741],[15.9311,7.4787],[15.9394,7.4808],[15.9511,7.4837],[15.9676,7.4834],[15.9711,7.4834],[15.9748,7.4833],[15.9748,7.4833],[15.9811,7.4893],[15.99,7.4904],[15.9941,7.4947],[15.9979,7.4986],[16.0046,7.5024],[16.0104,7.5057],[16.0148,7.5144],[16.0175,7.5199],[16.0231,7.5229],[16.0231,7.5229],[16.027,7.5299],[16.027,7.5299],[16.0347,7.5307],[16.0358,7.5308],[16.0358,7.5308],[16.0363,7.5313],[16.039,7.5338],[16.0391,7.5435],[16.0433,7.56],[16.0471,7.5669],[16.0493,7.5707],[16.0511,7.5724],[16.0567,7.5776],[16.0661,7.5819],[16.0878,7.5892],[16.0995,7.5909],[16.1046,7.5916],[16.1185,7.5912],[16.1185,7.5912],[16.1214,7.5911],[16.1313,7.5908],[16.1377,7.594],[16.1396,7.5949],[16.1493,7.5958],[16.1636,7.5946],[16.1679,7.5982],[16.1728,7.6023],[16.1807,7.612],[16.1855,7.6145],[16.1943,7.6155],[16.1943,7.6155],[16.1964,7.6158],[16.1964,7.6158],[16.203,7.6152],[16.2042,7.6151],[16.2057,7.6142],[16.2069,7.6136],[16.2111,7.6114],[16.2229,7.6097],[16.2332,7.6083],[16.2345,7.6074],[16.2355,7.6067],[16.2462,7.6112],[16.2512,7.6132],[16.2562,7.6181],[16.2618,7.6235],[16.2777,7.6278],[16.2865,7.6326],[16.2888,7.6344],[16.2922,7.6369],[16.2922,7.6369],[16.2967,7.6479],[16.297,7.6482],[16.3015,7.6518],[16.309,7.6513],[16.3119,7.6511],[16.334,7.6592],[16.3414,7.662],[16.3419,7.6619],[16.3425,7.6618],[16.3476,7.661],[16.3541,7.667],[16.3569,7.6674],[16.3571,7.6674],[16.3571,7.6674],[16.361,7.6644],[16.3723,7.6669],[16.3723,7.6669],[16.3727,7.6668],[16.3755,7.6659],[16.3755,7.6659],[16.3847,7.6712],[16.3928,7.6711],[16.3939,7.6755],[16.3947,7.6782],[16.3975,7.6797],[16.3978,7.6798],[16.4037,7.6828],[16.4049,7.6841],[16.4067,7.6858],[16.4083,7.6895],[16.4084,7.6897],[16.4088,7.6907],[16.4104,7.6942],[16.4189,7.7038],[16.4237,7.7074],[16.4259,7.7091],[16.4259,7.7092],[16.4305,7.7187],[16.4285,7.7206],[16.4278,7.7212],[16.4259,7.7211],[16.4252,7.721],[16.4245,7.7217],[16.4174,7.7277],[16.4162,7.732],[16.4156,7.7342],[16.4168,7.7406],[16.4179,7.7417],[16.4187,7.7424],[16.4242,7.7433],[16.4242,7.7433],[16.4263,7.7467],[16.4203,7.7598],[16.4203,7.7598],[16.4139,7.7642],[16.4125,7.7679],[16.4146,7.7741],[16.4239,7.7793],[16.4338,7.7964],[16.439,7.8052],[16.439,7.8052],[16.441,7.8056],[16.4422,7.8059],[16.4475,7.8031],[16.4494,7.8029],[16.4501,7.8029],[16.4553,7.8024],[16.4563,7.8006],[16.4574,7.7987],[16.4541,7.7925],[16.4558,7.7887],[16.4562,7.7879],[16.4577,7.7867],[16.4598,7.7849],[16.4788,7.7884],[16.4891,7.7903],[16.4926,7.7921],[16.4947,7.7971],[16.4947,7.7971],[16.494,7.8031],[16.4949,7.8062],[16.4956,7.8086],[16.5021,7.8138],[16.5088,7.8191],[16.5117,7.8235],[16.5141,7.8273],[16.5161,7.8429],[16.5188,7.8457],[16.5212,7.8458],[16.5264,7.8461],[16.5304,7.8463],[16.5324,7.8472],[16.535,7.8484],[16.5421,7.8559],[16.5465,7.8568],[16.5527,7.8542],[16.5606,7.8547],[16.5606,7.8547],[16.5614,7.8562],[16.5631,7.8595],[16.5619,7.8624],[16.5608,7.8648],[16.5608,7.8648],[16.5611,7.8651],[16.5636,7.8684],[16.5636,7.8684],[16.5658,7.8687],[16.5774,7.87],[16.5851,7.8735],[16.5954,7.8784],[16.5955,7.8784],[16.5959,7.8802],[16.5959,7.8802],[16.5975,7.877],[16.598,7.8761],[16.5982,7.8703],[16.5945,7.8621],[16.5868,7.8516],[16.5868,7.8515],[16.5856,7.8378],[16.5846,7.8358],[16.5837,7.8339],[16.5913,7.8251],[16.5914,7.8168],[16.5915,7.8121],[16.5941,7.8091],[16.5979,7.8049],[16.5981,7.7982],[16.5964,7.7951],[16.5953,7.793],[16.5953,7.793],[16.5968,7.7748],[16.5952,7.7706],[16.5952,7.7706],[16.5945,7.7689],[16.6029,7.7638],[16.6124,7.7582],[16.6147,7.7584],[16.6177,7.7587],[16.6241,7.7614],[16.6241,7.7614],[16.6247,7.7617],[16.6272,7.7628],[16.6313,7.7623],[16.6342,7.7606],[16.6384,7.7581],[16.6497,7.7482],[16.668,7.7382],[16.6703,7.7297],[16.6654,7.7093],[16.6664,7.6975],[16.6664,7.6968],[16.6667,7.6939],[16.6663,7.6865],[16.666,7.6813],[16.6657,7.6756],[16.6664,7.6724],[16.6672,7.6687],[16.6724,7.665],[16.6725,7.665],[16.6792,7.6633],[16.6792,7.6633],[16.6805,7.661],[16.6851,7.6532],[16.6902,7.6509],[16.6935,7.6509],[16.6982,7.6509],[16.6996,7.651],[16.6996,7.651],[16.703,7.6512],[16.707,7.6515],[16.709,7.6515],[16.7113,7.6515],[16.7194,7.6499],[16.7253,7.6502],[16.7268,7.6502],[16.7304,7.6462],[16.7337,7.6426],[16.7357,7.6366],[16.7387,7.6332],[16.7387,7.6332],[16.7481,7.6285],[16.7495,7.626],[16.7504,7.6243],[16.7515,7.6223],[16.755,7.6196],[16.7588,7.6182],[16.7619,7.6172],[16.7691,7.6112],[16.7747,7.6066],[16.7939,7.5854],[16.7939,7.5854],[16.7948,7.5834],[16.7976,7.5773],[16.7966,7.5645],[16.7964,7.5617],[16.7964,7.5617],[16.8007,7.5557],[16.8069,7.5529],[16.8097,7.5502],[16.8106,7.5442],[16.8108,7.5431],[16.8112,7.5408],[16.8122,7.5394],[16.8149,7.5357],[16.8195,7.5338],[16.8223,7.5327],[16.8229,7.5324],[16.8269,7.5326],[16.8349,7.5328],[16.8439,7.5298],[16.8453,7.5317],[16.8464,7.533],[16.8464,7.533],[16.8508,7.5353],[16.8508,7.5353],[16.8635,7.5363],[16.8668,7.5381],[16.8678,7.5386],[16.8678,7.5386],[16.8687,7.5397],[16.8699,7.5414],[16.8697,7.5515],[16.874,7.5562],[16.8741,7.5563],[16.8752,7.5567],[16.8783,7.5579],[16.8836,7.5576],[16.8904,7.5521],[16.8918,7.5509],[16.8918,7.5509],[16.896,7.5502],[16.8996,7.5519],[16.9018,7.5529],[16.908,7.5582],[16.9095,7.5606],[16.9101,7.5616],[16.9098,7.5641],[16.9097,7.5662],[16.9081,7.5684],[16.9074,7.5694],[16.8991,7.5713],[16.8964,7.5738],[16.8956,7.5745],[16.8956,7.5745],[16.8957,7.5774],[16.8957,7.5791],[16.8988,7.5837],[16.9045,7.5919],[16.9046,7.5925],[16.9057,7.5972],[16.9,7.6055],[16.8981,7.6103],[16.8981,7.6103],[16.8986,7.614],[16.9009,7.6165],[16.9048,7.6163],[16.9053,7.6163],[16.9225,7.6056],[16.9241,7.6058],[16.9269,7.606],[16.9278,7.6076],[16.9253,7.6155],[16.9246,7.6178],[16.9246,7.6178],[16.9284,7.6228],[16.932,7.6253],[16.9374,7.6289],[16.9401,7.6299],[16.9436,7.6312],[16.9552,7.6353],[16.957,7.636],[16.9587,7.6358],[16.9634,7.6355],[16.9696,7.6314],[16.9751,7.6278],[16.9781,7.6283],[16.9805,7.6321],[16.9818,7.6342],[16.9818,7.6342],[16.9871,7.6356],[16.9936,7.6319],[16.9993,7.6333],[17.0053,7.6348],[17.0053,7.6348],[17.0403,7.635],[17.0403,7.635],[17.0424,7.6382],[17.0441,7.6504],[17.0446,7.6512],[17.0462,7.6536],[17.0478,7.6545],[17.0484,7.6548],[17.0492,7.6552],[17.0576,7.6526],[17.063,7.651],[17.0659,7.6513],[17.0673,7.6514],[17.0712,7.6534],[17.0791,7.6576],[17.0856,7.658],[17.0856,7.658],[17.0864,7.6584],[17.0906,7.6605],[17.0918,7.6683],[17.0888,7.6774],[17.0878,7.6807],[17.0873,7.6864],[17.0883,7.6903],[17.0913,7.6922],[17.0966,7.6919],[17.0976,7.6912],[17.1021,7.6884],[17.1021,7.6884],[17.1071,7.6889],[17.1106,7.6893],[17.1157,7.6877],[17.1157,7.6877],[17.121,7.6772],[17.125,7.6691],[17.1256,7.6679],[17.1259,7.6674],[17.1259,7.6674],[17.1321,7.6632],[17.1321,7.6632],[17.1324,7.6632],[17.1392,7.6618],[17.1421,7.6622],[17.1443,7.6625],[17.1541,7.6651],[17.1605,7.6668],[17.1618,7.669],[17.1625,7.6702],[17.1617,7.6764],[17.1628,7.6812],[17.1726,7.6875],[17.1741,7.6885],[17.1742,7.6885],[17.1673,7.6977],[17.1659,7.6995],[17.1659,7.6995],[17.1659,7.7003],[17.1657,7.7028],[17.1692,7.7069],[17.1734,7.7087],[17.1983,7.7196],[17.2039,7.7202],[17.2091,7.7209],[17.2118,7.7238],[17.2137,7.7259],[17.2186,7.7266],[17.2202,7.7298],[17.22,7.7305],[17.217,7.7422],[17.2201,7.7465],[17.2241,7.7491],[17.2254,7.7499],[17.2284,7.7589],[17.2326,7.7634],[17.2326,7.7634],[17.2344,7.7636],[17.2379,7.7639],[17.2379,7.7639],[17.2429,7.7603],[17.2441,7.7595],[17.2546,7.7463],[17.2583,7.7455],[17.2601,7.7452],[17.2627,7.747],[17.2671,7.7545],[17.2681,7.7575],[17.2694,7.7616],[17.2694,7.7619],[17.269,7.7669],[17.2652,7.7763],[17.2638,7.7798],[17.2643,7.7821],[17.2647,7.7841],[17.2647,7.7842],[17.2663,7.7853],[17.2668,7.7857],[17.2668,7.7857],[17.2707,7.7853],[17.2729,7.7888],[17.2742,7.791],[17.2742,7.791],[17.2771,7.7911],[17.2816,7.7914],[17.2837,7.7939],[17.2826,7.7982],[17.2818,7.8013],[17.2822,7.8017],[17.2716,7.8263],[17.268,7.8347],[17.2632,7.8436],[17.227,7.909],[17.1981,7.9629],[17.108,8.131],[17.1081,8.131],[17.156,8.146],[17.213,8.157],[17.2131,8.1571],[17.2473,8.2151],[17.295,8.296],[17.159,8.495],[17.1442,8.5205],[17.13,8.545],[17.1072,8.5688],[17.046,8.631],[17.0745,8.672],[17.142,8.762],[17.1486,8.8452],[17.152,8.885],[17.1512,8.9207],[17.1511,8.9224],[17.1511,8.9251],[17.15,8.971],[17.144,9.0179],[17.134,9.078],[17.0303,9.0584],[17.0138,9.0553],[17.0096,9.0545],[16.986,9.05],[16.8549,9.0629],[16.772,9.071],[16.714,9.0987],[16.7131,9.0991],[16.7125,9.0994],[16.6839,9.113],[16.654,9.106],[16.6341,9.1185],[16.6243,9.1247],[16.596,9.149],[16.5712,9.1513]]]},"properties":{"adm1_name":"Logone Oriental","adm1_name1":null,"adm1_pcode":"TD09","center_lat":8.2968714099999996,"center_lon":16.458943999999999}},{"type":"Feature","geometry":{"type":"Polygon","coordinates":[[[19.7777,13.0308],[19.777,13.031],[19.683,12.982],[19.601,12.939],[19.36,12.798],[19.2138,12.7127],[19.2077,12.712],[19.2,12.7114],[19.1919,12.6994],[19.1841,12.6871],[19.184,12.687],[19.1034,12.694],[19.103,12.694],[18.9902,12.689],[18.99,12.689],[18.502,12.693],[18.501,12.693],[18.4739,12.692],[18.33,12.618],[18.095,12.486],[18.065,12.452],[18.0192,12.452],[18.018,12.452],[17.882,12.446],[17.668,12.2675],[17.608,12.239],[17.567,12.199],[17.5979,12.1252],[17.598,12.125],[17.576,12.04],[17.542,11.95],[17.545,11.911],[17.578,11.871],[17.634,11.796],[17.68,11.68],[17.619,11.679],[17.545,11.672],[17.487,11.632],[17.425,11.586],[17.3772,11.5427],[17.335,11.472],[17.313,11.314],[17.3108,11.3044],[17.3105,11.2983],[17.3103,11.2935],[17.3069,11.2538],[17.305,11.2304],[17.329,11.075],[17.345,11.029],[17.36,10.935],[17.363,10.795],[17.352,10.671],[17.327,10.574],[17.383,10.537],[17.449,10.522],[17.543,10.451],[17.5431,10.451],[17.725,10.477],[17.864,10.497],[17.962,10.397],[18.013,10.381],[18.067,10.35],[18.104,10.365],[18.164,10.346],[18.209,10.322],[18.247,10.293],[18.289,10.262],[18.341,10.24],[18.381,10.247],[18.437,10.212],[18.496,10.186],[18.642,10.025],[18.632,9.919],[18.737,9.877],[18.794,9.879],[18.794,9.8791],[18.825,9.988],[18.825,9.988],[19.0354,9.988],[19.0762,10.0001],[19.081,10.0015],[19.126,10.084],[19.138,10.129],[19.1575,10.151],[19.161,10.155],[19.208,10.146],[19.208,10.1461],[19.215,10.187],[19.2164,10.1882],[19.241,10.209],[19.284,10.224],[19.2841,10.2241],[19.321,10.27],[19.355,10.299],[19.344,10.344],[19.3441,10.3441],[19.382,10.382],[19.391,10.425],[19.43,10.469],[19.43,10.469],[19.496,10.496],[19.533,10.475],[19.584,10.478],[19.5841,10.4781],[19.6123,10.5168],[19.619,10.526],[19.6819,10.5724],[19.6899,10.5783],[19.6905,10.5787],[19.6964,10.5831],[19.7,10.5858],[19.7019,10.5872],[19.726,10.717],[19.707,10.873],[19.737,10.911],[19.706,10.942],[19.694,11.001],[19.657,11.003],[19.628,11.014],[19.57,11.034],[19.479,11.048],[19.405,11.104],[19.313,11.135],[19.261,11.154],[19.2379,11.1792],[19.2265,11.181],[19.2093,11.184],[19.192,11.187],[19.13,11.217],[19.0825,11.235],[19.056,11.245],[19.001,11.273],[18.9658,11.3135],[18.902,11.331],[18.883,11.402],[18.8785,11.4395],[18.874,11.477],[18.902,11.692],[19.055,11.689],[19.088,11.6],[19.215,11.638],[19.256,11.726],[19.341,11.855],[19.313,11.982],[19.465,12.123],[19.496,12.109],[19.58,12.083],[19.751,12.053],[19.906,12.04],[19.889,12.079],[19.8892,12.0795],[19.905,12.118],[19.94,12.246],[20.001,12.385],[20.082,12.494],[20.154,12.531],[20.1538,12.5315],[20.114,12.614],[20.1142,12.6144],[20.174,12.727],[20.204,12.729],[20.244,12.764],[20.2438,12.7645],[20.23,12.8],[20.163,12.838],[20.117,12.882],[20.045,12.935],[19.993,12.957],[19.91,12.986],[19.8891,12.9931],[19.7777,13.0308]]]},"properties":{"adm1_name":"Guéra","adm1_name1":null,"adm1_pcode":"TD04","center_lat":11.45575,"center_lon":18.104643670000002}},{"type":"Feature","geometry":{"type":"Polygon","coordinates":[[[18.8977,18.6681],[18.7751,18.8264],[16.5196,18.8204],[15.5223,16.9749],[15.5083,16.9491],[15.5056,16.8979],[15.4557,16.8458],[15.5112,16.8173],[15.5823,16.7808],[15.7607,16.6893],[15.9343,16.6003],[16.0991,16.5158],[16.6938,16.2459],[17.0246,16.1011],[17.0318,16.0979],[17.0339,16.0969],[17.1702,16.0351],[17.8534,15.7252],[17.9214,15.6004],[17.9937,15.5098],[17.9947,15.5091],[18.2383,15.3559],[18.4207,15.317],[18.6557,15.3139],[18.6558,15.3139],[18.8259,15.3559],[18.926,15.415],[18.9883,15.4561],[19.0614,15.52],[19.09,15.545],[19.1996,15.703],[19.2118,15.7206],[19.2527,15.8286],[19.27,15.916],[19.2761,15.9747],[19.281,16.009],[19.2794,16.0372],[19.2759,16.0958],[19.3037,16.1012],[19.3405,16.1083],[19.3408,16.1082],[19.3947,16.0757],[19.4945,15.9001],[19.5659,15.8335],[19.6995,15.8217],[19.9154,15.7702],[20.043,15.742],[20.0431,15.742],[20.0442,15.7417],[20.0976,15.7274],[20.2515,15.631],[20.3197,15.618],[20.4036,15.6408],[20.4962,15.654],[20.5324,15.636],[20.5475,15.6285],[20.6333,15.7033],[20.7448,15.8004],[20.5705,16.2623],[20.4006,16.7122],[20.4608,16.9917],[20.4609,16.9921],[20.4609,16.9922],[20.5431,17.9415],[20.5133,18.0243],[19.8029,18.0121],[19.6871,18.1327],[19.1912,18.6488],[19.1837,18.6493],[18.8977,18.6681]]]},"properties":{"adm1_name":"Borkou","adm1_name1":null,"adm1_pcode":"TD02","center_lat":17.4668387,"center_lon":18.145051070000001}},{"type":"Feature","geometry":{"type":"Polygon","coordinates":[[[13.7291,14.5128],[13.6602,14.5265],[13.6591,14.5253],[13.6537,14.5218],[13.6442,14.5158],[13.6409,14.5137],[13.6332,14.5105],[13.6009,14.5023],[13.5928,14.5028],[13.5865,14.5044],[13.5721,14.5057],[13.5588,14.5004],[13.5445,14.4948],[13.5332,14.4907],[13.5198,14.486],[13.5052,14.48],[13.4998,14.4779],[13.4934,14.4746],[13.4864,14.4677],[13.4788,14.4601],[13.4751,14.452],[13.4748,14.4501],[13.4739,14.4453],[13.4735,14.4428],[13.4762,14.4079],[13.4765,14.4052],[13.4796,14.3796],[13.4799,14.3787],[13.4811,14.375],[13.4856,14.3583],[13.4872,14.3501],[13.488,14.3454],[13.4927,14.326],[13.4938,14.3215],[13.4944,14.3198],[13.4993,14.3048],[13.5004,14.2968],[13.501,14.2926],[13.5076,14.2635],[13.5185,14.2156],[13.5286,14.1734],[13.5311,14.1632],[13.5327,14.1568],[13.5335,14.1517],[13.5351,14.1421],[13.5434,14.1065],[13.5442,14.1027],[13.5512,14.073],[13.5539,14.0618],[13.5571,14.0484],[13.5607,14.0319],[13.563,14.0179],[13.5636,14.0142],[13.5648,14.01],[13.5652,14.0086],[13.5677,13.9995],[13.5785,13.9526],[13.5859,13.9209],[13.5859,13.9209],[13.5869,13.9168],[13.5907,13.9021],[13.5945,13.8795],[13.6019,13.8517],[13.6021,13.8509],[13.6146,13.7959],[13.617,13.7847],[13.6185,13.7775],[13.6208,13.7713],[13.623,13.7559],[13.623,13.7559],[13.6233,13.755],[13.6261,13.746],[13.6278,13.7382],[13.628,13.7371],[13.6307,13.7257],[13.6335,13.7136],[13.6346,13.7107],[13.6378,13.7015],[13.6378,13.7015],[13.6387,13.7015],[13.6621,13.6693],[13.6621,13.6666],[13.6651,13.6632],[13.6673,13.6606],[13.6707,13.6565],[13.677,13.6487],[13.6832,13.6414],[13.6931,13.6264],[13.7002,13.6175],[13.7028,13.6143],[13.708,13.6085],[13.7122,13.6056],[13.7155,13.5961],[13.7371,13.5658],[13.7519,13.545],[13.7555,13.5378],[13.7611,13.5333],[13.7626,13.5284],[13.7744,13.5117],[13.781,13.5059],[13.7831,13.5003],[13.7845,13.4965],[13.7845,13.4965],[13.7864,13.4946],[13.7937,13.4871],[13.7994,13.4791],[13.8034,13.4703],[13.8419,13.4152],[13.8438,13.4122],[13.8497,13.4028],[13.8567,13.3941],[13.8603,13.3879],[13.8612,13.3863],[13.8659,13.3829],[13.8678,13.3788],[13.8702,13.3735],[13.8807,13.3601],[13.8834,13.3567],[13.8843,13.3567],[13.8893,13.3461],[13.9055,13.3238],[13.9287,13.2918],[13.932,13.2873],[13.9342,13.2839],[13.935,13.2825],[13.9523,13.259],[13.9614,13.2467],[13.9669,13.2391],[13.9744,13.229],[13.9761,13.2281],[13.977,13.2276],[13.9781,13.225],[13.9798,13.2214],[13.9988,13.1954],[14.0027,13.1902],[14.0051,13.1866],[14.0154,13.1718],[14.0211,13.1647],[14.025,13.1599],[14.0302,13.1507],[14.044,13.131],[14.046,13.1282],[14.0484,13.1238],[14.0489,13.1234],[14.0519,13.1217],[14.0638,13.1049],[14.066,13.1017],[14.0663,13.101],[14.0677,13.0974],[14.0677,13.0974],[14.0677,13.0973],[14.0721,13.0937],[14.0767,13.0877],[14.0806,13.0825],[14.083,13.0794],[14.0854,13.0781],[14.0893,13.0778],[14.1341,13.0777],[14.1552,13.0774],[14.1677,13.0773],[14.1725,13.0772],[14.1794,13.0771],[14.1867,13.0775],[14.1872,13.0775],[14.1874,13.0775],[14.2132,13.0778],[14.2231,13.0776],[14.2296,13.0774],[14.289,13.0758],[14.2981,13.0762],[14.2984,13.0762],[14.2989,13.0763],[14.3076,13.0762],[14.3184,13.076],[14.3215,13.0755],[14.3249,13.0749],[14.3583,13.0758],[14.3628,13.0762],[14.3641,13.0763],[14.3657,13.076],[14.3705,13.0749],[14.4418,13.0747],[14.4501,13.0742],[14.4518,13.0741],[14.4535,13.074],[14.4599,13.0745],[14.4599,13.0745],[14.4658,13.0657],[14.4737,13.0538],[14.4823,13.0421],[14.4878,13.0345],[14.488,13.0342],[14.4909,13.0274],[14.5067,13.0064],[14.5127,12.9984],[14.5151,12.9949],[14.5269,12.9781],[14.5271,12.9778],[14.529,12.9752],[14.835,12.993],[14.933,12.9998],[15.019,12.996],[15.1196,13.0076],[15.1725,12.9735],[15.1837,12.9623],[15.2315,12.9334],[15.2981,12.8939],[15.3642,12.8749],[15.398,12.8553],[15.4152,12.8582],[15.4409,12.8849],[15.483,12.911],[15.4795,12.9633],[15.4596,13.0071],[15.4685,13.0312],[15.4735,13.0644],[15.4828,13.083],[15.4806,13.1119],[15.4874,13.1401],[15.5135,13.1474],[15.5306,13.2127],[15.5437,13.2441],[15.55,13.2593],[15.5275,13.3236],[15.5076,13.3602],[15.4796,13.3845],[15.4572,13.4416],[15.46,13.4928],[15.4728,13.5329],[15.5146,13.5842],[15.5107,13.619],[15.4819,13.6362],[15.4544,13.6722],[15.4524,13.7178],[15.4379,13.7441],[15.393,13.742],[15.196,13.718],[15.046,13.7027],[14.9043,13.6857],[14.8115,13.6985],[14.7589,13.651],[14.7435,13.6774],[14.7382,13.6864],[14.6681,13.8101],[14.668,13.8102],[14.6166,13.9008],[14.5451,13.9859],[14.5226,14.0125],[14.5036,14.0347],[14.4386,14.1306],[14.3624,14.1466],[14.31,14.1577],[14.2701,14.2255],[14.2394,14.2263],[14.2111,14.2271],[14.1588,14.3089],[14.0966,14.3194],[14.0831,14.386],[14.0281,14.452],[13.9998,14.4508],[13.9712,14.4496],[13.9315,14.5035],[13.861,14.5013],[13.7816,14.4988],[13.742,14.4974],[13.7291,14.5128]]]},"properties":{"adm1_name":"Lac","adm1_name1":null,"adm1_pcode":"TD07","center_lat":13.692494999999999,"center_lon":14.19002981}},{"type":"Feature","geometry":{"type":"Polygon","coordinates":[[[22.0675,15.9654],[22.0153,15.9849],[21.9823,15.9663],[21.9808,15.9654],[21.9808,15.9654],[21.9451,15.9453],[21.9389,15.9436],[21.936,15.9428],[21.8693,15.9248],[21.8567,15.9215],[21.7693,15.8976],[21.6971,15.8909],[21.6861,15.8899],[21.5679,15.8954],[21.4829,15.8985],[21.4508,15.8811],[21.4248,15.8669],[21.4092,15.8701],[21.3554,15.881],[21.2912,15.8739],[21.1902,15.8775],[21.1902,15.8775],[21.1774,15.8707],[21.0993,15.8292],[21.0995,15.8227],[21.1008,15.7775],[21.1016,15.7295],[21.1016,15.7294],[21.0119,15.687],[20.9837,15.6738],[20.943,15.6546],[20.8449,15.61],[20.8321,15.6041],[20.832,15.6041],[20.7317,15.5703],[20.6886,15.587],[20.6873,15.5875],[20.6854,15.5878],[20.6688,15.5902],[20.6413,15.5964],[20.5944,15.612],[20.5568,15.6252],[20.5475,15.6285],[20.5324,15.636],[20.4962,15.654],[20.4036,15.6408],[20.3197,15.618],[20.2515,15.631],[20.0976,15.7274],[20.0442,15.7417],[20.0431,15.742],[20.043,15.742],[20.044,15.661],[20.0569,14.5296],[20.062,14.0824],[20.062,14.0824],[20.0632,14.0836],[20.1361,14.158],[20.1523,14.1805],[20.1874,14.2291],[20.2104,14.2601],[20.2415,14.2991],[20.2883,14.3251],[20.3578,14.3862],[20.3578,14.3862],[20.486,14.376],[20.533,14.398],[20.606,14.414],[20.662,14.395],[20.718,14.379],[20.767,14.367],[20.846,14.32],[20.923,14.25],[20.962,14.197],[21.005,14.153],[21.032,14.142],[21.084,14.139],[21.1027,14.1312],[21.1091,14.1286],[21.11,14.1276],[21.142,14.096],[21.1798,14.0846],[21.197,14.0794],[21.2086,14.0711],[21.253,14.039],[21.314,14.068],[21.382,14.111],[21.437,14.126],[21.504,14.115],[21.555,14.101],[21.585,14.099],[21.671,14.092],[21.778,14.06],[21.983,14.002],[22.018,13.989],[22.089,13.968],[22.13,13.947],[22.1712,13.9186],[22.1892,13.9119],[22.1919,13.9112],[22.1971,13.9167],[22.2101,13.9302],[22.2278,13.9532],[22.2278,13.9532],[22.2278,13.9532],[22.2346,13.9574],[22.2445,13.9603],[22.2596,13.9616],[22.2837,13.9636],[22.2944,13.9645],[22.2946,13.9645],[22.298,13.9704],[22.314,13.9982],[22.3212,14.0108],[22.3215,14.0112],[22.3218,14.0117],[22.3524,14.0207],[22.3538,14.0211],[22.3583,14.0224],[22.3949,14.0539],[22.4298,14.0524],[22.4333,14.0526],[22.4346,14.0526],[22.4406,14.0528],[22.4407,14.053],[22.4498,14.0635],[22.4676,14.0843],[22.4853,14.1051],[22.4854,14.1051],[22.4855,14.1051],[22.5003,14.1066],[22.5349,14.1102],[22.5384,14.118],[22.543,14.1282],[22.5648,14.1765],[22.5648,14.1766],[22.5683,14.1843],[22.5683,14.1843],[22.5622,14.1914],[22.5621,14.1915],[22.5522,14.2031],[22.5521,14.2039],[22.549,14.2166],[22.5489,14.2171],[22.5519,14.2278],[22.5519,14.2279],[22.5519,14.2279],[22.5474,14.2333],[22.5473,14.2333],[22.547,14.2335],[22.5402,14.2373],[22.5327,14.2384],[22.5224,14.2399],[22.5123,14.243],[22.5108,14.2435],[22.5101,14.2435],[22.5074,14.2436],[22.4977,14.2439],[22.4975,14.2439],[22.4949,14.244],[22.486,14.2443],[22.4774,14.246],[22.4757,14.2454],[22.4689,14.2429],[22.4655,14.2416],[22.453,14.2588],[22.446,14.2669],[22.4374,14.2769],[22.4347,14.2822],[22.4307,14.2865],[22.425,14.2925],[22.4258,14.3011],[22.4267,14.3106],[22.4291,14.3137],[22.4446,14.3235],[22.4565,14.3311],[22.4567,14.3312],[22.4567,14.3313],[22.4572,14.34],[22.4573,14.3425],[22.4573,14.3425],[22.4495,14.356],[22.4493,14.3563],[22.4448,14.3643],[22.4435,14.3664],[22.4416,14.3698],[22.4401,14.3724],[22.433,14.413],[22.4344,14.4231],[22.4349,14.427],[22.4361,14.4354],[22.4386,14.4538],[22.441,14.4709],[22.4428,14.4836],[22.4427,14.4837],[22.4377,14.49],[22.4369,14.4911],[22.4361,14.492],[22.433,14.496],[22.3972,14.5186],[22.3939,14.5203],[22.3938,14.5203],[22.393,14.5193],[22.3915,14.5176],[22.3914,14.5172],[22.3914,14.5171],[22.3913,14.5169],[22.3906,14.5149],[22.3907,14.5139],[22.3907,14.5127],[22.3877,14.5115],[22.3863,14.5116],[22.3856,14.5117],[22.3828,14.5122],[22.3815,14.5135],[22.382,14.5153],[22.3839,14.5209],[22.384,14.5213],[22.384,14.5213],[22.4062,14.586],[22.4095,14.5956],[22.4113,14.601],[22.4217,14.6023],[22.4385,14.6045],[22.4429,14.6051],[22.4432,14.6051],[22.4433,14.6051],[22.4433,14.6051],[22.4444,14.6064],[22.4472,14.6099],[22.4665,14.6241],[22.4677,14.625],[22.4777,14.6309],[22.4792,14.6315],[22.4945,14.637],[22.5151,14.6416],[22.5179,14.6418],[22.5785,14.6463],[22.7111,14.6938],[22.7155,14.6964],[22.7155,14.6965],[22.714,14.7157],[22.7117,14.7249],[22.6826,14.7913],[22.671,14.8225],[22.6674,14.8321],[22.6625,14.8454],[22.6625,14.8455],[22.6628,14.8458],[22.6685,14.8521],[22.6691,14.8527],[22.6692,14.8533],[22.6696,14.8559],[22.6698,14.8568],[22.6703,14.8603],[22.6727,14.8658],[22.6778,14.8745],[22.6786,14.8753],[22.6812,14.8777],[22.6834,14.8792],[22.6956,14.8876],[22.6956,14.8876],[22.7017,14.8919],[22.7068,14.8946],[22.7111,14.8969],[22.7141,14.8978],[22.7254,14.9012],[22.7344,14.9],[22.7355,14.8999],[22.7412,14.8977],[22.7412,14.8977],[22.7584,14.9062],[22.7584,14.9062],[22.76,14.907],[22.7596,14.9075],[22.7591,14.908],[22.7542,14.9134],[22.7538,14.9211],[22.7537,14.9219],[22.7535,14.9265],[22.7526,14.9278],[22.7524,14.9281],[22.752,14.9302],[22.749,14.9396],[22.7489,14.9404],[22.7469,14.9516],[22.7468,14.952],[22.7473,14.9559],[22.7481,14.959],[22.7481,14.959],[22.7505,14.969],[22.7589,14.9759],[22.7629,14.9801],[22.763,14.9802],[22.7671,14.9845],[22.769,14.9866],[22.7696,14.9872],[22.7718,14.9898],[22.7722,14.9899],[22.7725,14.9899],[22.7729,14.99],[22.7802,14.9915],[22.7937,15.005],[22.7942,15.0056],[22.8086,15.0234],[22.8086,15.0236],[22.8087,15.0236],[22.8111,15.0305],[22.8113,15.0311],[22.8125,15.0346],[22.8127,15.0352],[22.8143,15.0357],[22.8247,15.0394],[22.825,15.0395],[22.8306,15.0415],[22.8389,15.0444],[22.8437,15.0461],[22.8584,15.0611],[22.859,15.0617],[22.8593,15.0656],[22.8596,15.0685],[22.86,15.0723],[22.8624,15.0765],[22.8633,15.077],[22.869,15.0808],[22.8846,15.0908],[22.8849,15.0911],[22.8852,15.0911],[22.896,15.093],[22.9073,15.092],[22.9175,15.0911],[22.9181,15.0912],[22.93,15.0954],[22.9301,15.0955],[22.9353,15.1004],[22.9388,15.1061],[22.9388,15.1063],[22.9388,15.1066],[22.9391,15.11],[22.9391,15.1104],[22.9395,15.1155],[22.9395,15.1157],[22.9392,15.1169],[22.9368,15.1288],[22.9365,15.1295],[22.9311,15.1406],[22.9286,15.1459],[22.9281,15.1511],[22.9312,15.1553],[22.9318,15.156],[22.9331,15.1577],[22.9331,15.1579],[22.9331,15.1583],[22.9335,15.1668],[22.9336,15.1685],[22.9336,15.1692],[22.9343,15.1695],[22.9496,15.1775],[22.9569,15.18],[22.9627,15.182],[22.9746,15.1918],[22.9788,15.1968],[22.982,15.2059],[22.9829,15.2113],[22.9842,15.2195],[22.9879,15.223],[22.988,15.223],[22.9881,15.223],[22.9943,15.2232],[23.001,15.2288],[23.002,15.2296],[23.0045,15.2356],[23.003,15.2425],[22.9937,15.2497],[22.9929,15.2507],[22.9877,15.2568],[22.9876,15.2569],[22.9854,15.2595],[22.9857,15.2632],[22.9857,15.2633],[22.9861,15.264],[22.9873,15.2661],[22.9881,15.2675],[22.9887,15.2684],[22.9886,15.2719],[22.9886,15.2725],[22.9884,15.2827],[22.9916,15.2929],[22.9919,15.2931],[22.9919,15.2931],[22.9919,15.2931],[23.0008,15.3003],[23.0022,15.3015],[23.0029,15.306],[23.0029,15.3061],[23.0032,15.3081],[23.0035,15.3097],[23.0036,15.3104],[23.0042,15.3149],[23.0018,15.322],[22.9961,15.3299],[22.994,15.3329],[22.9931,15.3341],[22.9911,15.3596],[22.991,15.3602],[22.9906,15.3618],[22.9884,15.3702],[22.9886,15.371],[22.9925,15.3895],[22.9926,15.39],[22.9926,15.3931],[22.9924,15.4026],[22.9887,15.4149],[22.9826,15.4199],[22.9704,15.43],[22.97,15.4304],[22.961,15.4398],[22.9533,15.4478],[22.9529,15.448],[22.9522,15.4484],[22.9419,15.4547],[22.9351,15.4589],[22.9264,15.4683],[22.9259,15.4696],[22.919,15.4882],[22.9187,15.4888],[22.9187,15.4908],[22.9168,15.4933],[22.8848,15.5292],[22.8326,15.5879],[22.801,15.607],[22.7737,15.6256],[22.752,15.6496],[22.6968,15.6932],[22.6195,15.7281],[22.5073,15.7744],[22.4537,15.7966],[22.3654,15.8141],[22.328,15.8779],[22.3227,15.887],[22.2438,15.9142],[22.182,15.9317],[22.1816,15.9318],[22.154,15.9399],[22.0723,15.9638],[22.0705,15.9643],[22.0675,15.9654]]]},"properties":{"adm1_name":"Wadi Fira","adm1_name1":null,"adm1_pcode":"TD17","center_lat":14.946002869999999,"center_lon":21.400016690000001}},{"type":"Feature","geometry":{"type":"Polygon","coordinates":[[[15.0156,12.2164],[15.0027,12.2173],[14.9474,12.2089],[14.9146,12.1912],[14.9103,12.1879],[14.9084,12.1853],[14.9083,12.1852],[14.9096,12.1827],[14.91,12.1818],[14.9071,12.1783],[14.9064,12.1776],[14.9051,12.1761],[14.8997,12.1725],[14.8979,12.1713],[14.8929,12.1681],[14.8925,12.1678],[14.8918,12.1637],[14.8917,12.1631],[14.8913,12.1609],[14.8915,12.1605],[14.8915,12.1605],[14.8932,12.1571],[14.8945,12.1546],[14.8948,12.1539],[14.8957,12.1522],[14.8971,12.1518],[14.8994,12.1514],[14.9017,12.1509],[14.9032,12.1505],[14.9039,12.1497],[14.9116,12.1404],[14.9129,12.1389],[14.917,12.1339],[14.922,12.1278],[14.9336,12.1139],[14.9383,12.1132],[14.9385,12.1132],[14.9432,12.1102],[14.9451,12.1089],[14.9464,12.1081],[14.9481,12.1062],[14.9482,12.1061],[14.9489,12.1053],[14.95,12.1041],[14.9523,12.1015],[14.9545,12.0996],[14.9572,12.0975],[14.9573,12.0975],[14.9578,12.0972],[14.9672,12.092],[14.9769,12.0908],[14.9774,12.0907],[14.9791,12.0905],[14.9799,12.0904],[14.9806,12.0904],[14.9827,12.0931],[14.989,12.0954],[14.989,12.0954],[14.9896,12.0974],[14.9897,12.0978],[14.9901,12.0993],[14.9906,12.1009],[14.9918,12.1028],[14.9946,12.1074],[15.0,12.1115],[15.0069,12.1122],[15.0093,12.1124],[15.0094,12.1124],[15.011,12.1108],[15.0166,12.1094],[15.0269,12.105],[15.0371,12.097],[15.0379,12.0964],[15.0381,12.0962],[15.0381,12.0962],[15.0385,12.0938],[15.0388,12.0921],[15.0386,12.0914],[15.0386,12.0912],[15.0376,12.0871],[15.0357,12.0797],[15.0355,12.0788],[15.0351,12.0731],[15.0348,12.0691],[15.0348,12.0691],[15.0416,12.0671],[15.0426,12.0668],[15.0493,12.0649],[15.05,12.0647],[15.0521,12.062],[15.0544,12.0592],[15.0565,12.0536],[15.0592,12.0466],[15.0611,12.0416],[15.0583,12.0351],[15.0559,12.0298],[15.0547,12.0288],[15.0531,12.0275],[15.0531,12.0275],[15.0517,12.0276],[15.0517,12.0276],[15.0433,12.0285],[15.0411,12.0272],[15.0408,12.027],[15.0407,12.0269],[15.0397,12.0242],[15.0422,12.0195],[15.043,12.0192],[15.0446,12.0183],[15.0488,12.0163],[15.0512,12.013],[15.0512,12.013],[15.0518,12.0123],[15.0521,12.0115],[15.0541,12.007],[15.0582,12.0038],[15.0582,12.0038],[15.0595,12.0036],[15.0608,12.0035],[15.0709,12.0025],[15.0711,12.0025],[15.0747,12.0021],[15.0779,12.0017],[15.0827,11.9989],[15.0845,11.9966],[15.0867,11.9936],[15.0867,11.9923],[15.0871,11.9933],[15.0936,11.9941],[15.0984,11.9947],[15.1202,12.0007],[15.1327,12.0068],[15.138,12.0113],[15.15,12.0232],[15.1604,12.0345],[15.1647,12.0384],[15.1725,12.0495],[15.1783,12.0751],[15.1782,12.0753],[15.173,12.102],[15.1643,12.1187],[15.1557,12.1322],[15.1483,12.1408],[15.1344,12.157],[15.1236,12.1657],[15.1143,12.1727],[15.0996,12.1855],[15.0839,12.1976],[15.057,12.2113],[15.0519,12.2124],[15.0426,12.2166],[15.0156,12.2164]]]},"properties":{"adm1_name":"N'Djamena","adm1_name1":null,"adm1_pcode":"TD18","center_lat":12.104538420000001,"center_lon":15.0995931}},{"type":"Feature","geometry":{"type":"Polygon","coordinates":[[[15.755,13.163],[15.5673,13.2513],[15.55,13.2593],[15.5437,13.2441],[15.5306,13.2127],[15.5135,13.1474],[15.4874,13.1401],[15.4806,13.1119],[15.4828,13.083],[15.4735,13.0644],[15.4685,13.0312],[15.4596,13.0071],[15.4795,12.9633],[15.483,12.911],[15.4409,12.8849],[15.4152,12.8582],[15.398,12.8553],[15.3642,12.8749],[15.2981,12.8939],[15.2315,12.9334],[15.1837,12.9623],[15.1725,12.9735],[15.1196,13.0076],[15.019,12.996],[14.933,12.9998],[14.835,12.993],[14.529,12.9752],[14.5332,12.9692],[14.5334,12.9689],[14.5373,12.9641],[14.5404,12.9602],[14.5437,12.9567],[14.5461,12.955],[14.5522,12.9507],[14.553,12.945],[14.5536,12.9415],[14.5523,12.9372],[14.5516,12.9348],[14.5505,12.931],[14.5545,12.9188],[14.5545,12.9188],[14.5613,12.9149],[14.5618,12.9132],[14.5632,12.91],[14.5642,12.9076],[14.5668,12.9015],[14.5679,12.8958],[14.5688,12.8918],[14.5687,12.8916],[14.5673,12.8888],[14.5668,12.8885],[14.5628,12.886],[14.561,12.8849],[14.5604,12.8835],[14.5593,12.8807],[14.5583,12.8785],[14.5592,12.8749],[14.5606,12.8695],[14.5636,12.8633],[14.5638,12.8628],[14.5639,12.8628],[14.5645,12.8561],[14.5647,12.8518],[14.5667,12.8418],[14.5679,12.8363],[14.5664,12.8287],[14.5664,12.8287],[14.5639,12.827],[14.5625,12.8258],[14.5612,12.8232],[14.5557,12.8118],[14.5534,12.804],[14.5513,12.7971],[14.5514,12.793],[14.5515,12.7909],[14.5517,12.7858],[14.5555,12.781],[14.5555,12.781],[14.562,12.7766],[14.5647,12.7766],[14.5694,12.7766],[14.5728,12.7766],[14.5762,12.7739],[14.5766,12.7736],[14.5772,12.7707],[14.5777,12.7681],[14.5777,12.768],[14.5799,12.758],[14.5827,12.7528],[14.5857,12.7474],[14.5939,12.7447],[14.5942,12.7446],[14.5943,12.7447],[14.5947,12.7449],[14.5951,12.7451],[14.6007,12.7481],[14.6024,12.75],[14.6091,12.7579],[14.6096,12.7586],[14.6178,12.7683],[14.6216,12.7704],[14.622,12.77],[14.6249,12.7676],[14.6249,12.7676],[14.6248,12.7634],[14.6246,12.7591],[14.6204,12.746],[14.6214,12.7398],[14.6216,12.7384],[14.6216,12.7384],[14.623,12.7388],[14.6277,12.74],[14.6277,12.74],[14.6337,12.7397],[14.6366,12.7395],[14.6525,12.7262],[14.6539,12.725],[14.6539,12.725],[14.6545,12.7248],[14.6629,12.7202],[14.6711,12.7195],[14.6715,12.7195],[14.6825,12.7202],[14.6891,12.7206],[14.6993,12.7243],[14.6994,12.7243],[14.7,12.7244],[14.7062,12.7248],[14.7111,12.7218],[14.7168,12.7183],[14.7236,12.7064],[14.7205,12.6969],[14.718,12.6941],[14.7178,12.6939],[14.7132,12.6887],[14.7104,12.6857],[14.7062,12.679],[14.7063,12.6765],[14.7064,12.6709],[14.7118,12.6628],[14.7123,12.662],[14.7127,12.6613],[14.7128,12.6613],[14.7129,12.6612],[14.7144,12.6602],[14.7186,12.6574],[14.7229,12.6574],[14.7235,12.6574],[14.7299,12.6652],[14.7328,12.6725],[14.7346,12.677],[14.7364,12.6815],[14.7422,12.6852],[14.7439,12.6863],[14.7455,12.6863],[14.7477,12.6863],[14.7507,12.6845],[14.7526,12.6833],[14.7541,12.6805],[14.7566,12.6756],[14.7575,12.6739],[14.7592,12.6682],[14.7611,12.6614],[14.7613,12.661],[14.7613,12.6596],[14.7617,12.6478],[14.7618,12.6447],[14.7619,12.6412],[14.762,12.6403],[14.7652,12.6355],[14.7661,12.6349],[14.7716,12.6313],[14.7807,12.631],[14.7884,12.6307],[14.7919,12.6306],[14.7996,12.6319],[14.8046,12.6327],[14.8129,12.6341],[14.8156,12.6345],[14.817,12.6345],[14.8194,12.6345],[14.8256,12.6314],[14.8315,12.6285],[14.8338,12.6233],[14.8341,12.6225],[14.8344,12.6192],[14.835,12.6112],[14.8367,12.5986],[14.8404,12.5859],[14.8443,12.5795],[14.8465,12.5758],[14.8486,12.5711],[14.8512,12.5651],[14.8519,12.5636],[14.8533,12.5565],[14.8547,12.55],[14.854,12.5447],[14.853,12.5295],[14.8545,12.5234],[14.8567,12.5146],[14.8564,12.5137],[14.854,12.5077],[14.8523,12.5033],[14.8576,12.487],[14.8578,12.4864],[14.8578,12.4863],[14.8586,12.484],[14.8556,12.4798],[14.8499,12.4718],[14.8493,12.4693],[14.8476,12.4626],[14.8483,12.4592],[14.8485,12.4585],[14.849,12.4564],[14.8519,12.4532],[14.8549,12.4498],[14.8567,12.4479],[14.8567,12.4479],[14.8628,12.4499],[14.8628,12.4499],[14.8684,12.4578],[14.8724,12.4633],[14.8724,12.4633],[14.8749,12.4637],[14.8769,12.464],[14.878,12.4642],[14.878,12.4642],[14.8789,12.4628],[14.8818,12.4584],[14.8819,12.4559],[14.8831,12.4405],[14.8862,12.4269],[14.8885,12.4225],[14.8929,12.4142],[14.9035,12.3988],[14.9077,12.3898],[14.9087,12.386],[14.9105,12.3792],[14.9095,12.3673],[14.9076,12.3413],[14.9091,12.3339],[14.9097,12.3307],[14.909,12.3263],[14.9081,12.321],[14.9078,12.3205],[14.9053,12.3157],[14.9022,12.3095],[14.9003,12.3032],[14.9001,12.3024],[14.9001,12.3024],[14.9003,12.3017],[14.9064,12.2815],[14.907,12.2797],[14.909,12.2732],[14.9068,12.261],[14.904,12.2387],[14.905,12.2325],[14.9061,12.2253],[14.9061,12.2253],[14.9049,12.2175],[14.9,12.2055],[14.9,12.2055],[14.9003,12.2032],[14.9004,12.2025],[14.9007,12.2002],[14.9042,12.1934],[14.9083,12.1852],[14.9083,12.1852],[14.9084,12.1853],[14.9103,12.1879],[14.9146,12.1912],[14.9474,12.2089],[15.0027,12.2173],[15.0156,12.2164],[15.0426,12.2166],[15.0428,12.2168],[15.0552,12.2292],[15.0626,12.2294],[15.0675,12.2299],[15.0729,12.2304],[15.0817,12.2313],[15.0893,12.2329],[15.0987,12.2347],[15.1224,12.2402],[15.1268,12.2413],[15.1709,12.2477],[15.2115,12.2576],[15.2594,12.2764],[15.3017,12.2987],[15.329,12.3189],[15.3545,12.339],[15.373,12.363],[15.404,12.322],[15.4425,12.283],[15.4717,12.2551],[15.5019,12.2248],[15.5046,12.2226],[15.5588,12.2667],[15.5693,12.2752],[15.5749,12.2783],[15.6315,12.3094],[15.6592,12.3245],[15.684,12.338],[15.8223,12.3335],[15.8313,12.3332],[15.9102,12.3342],[15.9487,12.3347],[15.977,12.3348],[16.0547,12.3227],[16.302,12.354],[16.45,12.305],[16.493,12.296],[16.666,12.229],[16.695,12.198],[16.725,12.133],[16.713,12.043],[16.708,11.995],[16.744,11.932],[16.79,11.904],[16.797,11.874],[16.812,11.823],[16.826,11.726],[16.858,11.676],[16.906,11.684],[17.019,11.668],[17.088,11.627],[17.139,11.566],[17.17,11.552],[17.24,11.518],[17.335,11.472],[17.3772,11.5427],[17.425,11.586],[17.487,11.632],[17.545,11.672],[17.619,11.679],[17.68,11.68],[17.634,11.796],[17.578,11.871],[17.545,11.911],[17.542,11.95],[17.576,12.04],[17.598,12.125],[17.552,12.133],[17.5041,12.1579],[17.504,12.158],[17.4471,12.1551],[17.446,12.155],[17.411,12.184],[17.408,12.229],[17.388,12.27],[17.34,12.3],[17.31,12.346],[17.295,12.406],[17.293,12.487],[17.254,12.501],[17.201,12.557],[17.15,12.609],[17.141,12.64],[17.113,12.735],[17.092,12.783],[17.054,12.816],[17.016,12.832],[16.966,12.8685],[16.997,12.937],[17.077,13.007],[17.13,13.046],[17.161,13.099],[17.101,13.133],[17.063,13.137],[17.024,13.157],[16.997,13.137],[16.9,13.109],[16.846,13.136],[16.787,13.111],[16.762,13.09],[16.547,13.07],[16.493,13.055],[16.468,13.034],[16.425,13.044],[16.361,13.051],[16.261,13.036],[16.215,13.04],[16.179,13.023],[16.1079,13.0313],[15.998,13.044],[15.991,13.08],[15.966,13.122],[15.91,13.173],[15.862,13.154],[15.755,13.163]]]},"properties":{"adm1_name":"Hadjer-Lamis","adm1_name1":null,"adm1_pcode":"TD05","center_lat":12.365135,"center_lon":16.107290119999998}},{"type":"Feature","geometry":{"type":"Polygon","coordinates":[[[22.3368,20.319],[20.9839,20.9852],[20.4939,20.0008],[19.51,20.0029],[19.505,18.6531],[19.1912,18.6488],[19.6871,18.1327],[19.8029,18.0121],[20.5133,18.0243],[20.5431,17.9415],[20.4609,16.9922],[20.4609,16.9921],[20.4608,16.9917],[20.4006,16.7122],[20.5705,16.2623],[20.7448,15.8004],[20.6333,15.7033],[20.5475,15.6285],[20.5568,15.6252],[20.5944,15.612],[20.6413,15.5964],[20.6688,15.5902],[20.6854,15.5878],[20.6873,15.5875],[20.6886,15.587],[20.7317,15.5703],[20.832,15.6041],[20.8321,15.6041],[20.8449,15.61],[20.943,15.6546],[20.9837,15.6738],[21.0119,15.687],[21.1016,15.7294],[21.1016,15.7295],[21.1008,15.7775],[21.0995,15.8227],[21.0993,15.8292],[21.1774,15.8707],[21.1902,15.8775],[21.1902,15.8775],[21.2912,15.8739],[21.3554,15.881],[21.4092,15.8701],[21.4248,15.8669],[21.4508,15.8811],[21.4829,15.8985],[21.5679,15.8954],[21.6861,15.8899],[21.6971,15.8909],[21.7693,15.8976],[21.8567,15.9215],[21.8693,15.9248],[21.936,15.9428],[21.9389,15.9436],[21.9451,15.9453],[21.9808,15.9654],[21.9808,15.9654],[21.9823,15.9663],[22.0153,15.9849],[22.0153,15.9849],[22.0516,16.2923],[22.1458,16.3271],[22.328,16.5645],[22.2717,16.6677],[22.2679,16.6745],[22.328,16.7092],[22.3502,16.7559],[22.3416,20.3167],[22.3409,20.317],[22.3368,20.319]]]},"properties":{"adm1_name":"Ennedi Ouest","adm1_name1":null,"adm1_pcode":"TD23","center_lat":18.390739249999999,"center_lon":20.89267796}},{"type":"Feature","geometry":{"type":"Polygon","coordinates":[[[20.662,14.395],[20.606,14.414],[20.533,14.398],[20.486,14.376],[20.3578,14.3862],[20.3578,14.3862],[20.2883,14.3251],[20.2415,14.2991],[20.2104,14.2601],[20.1874,14.2291],[20.1523,14.1805],[20.1361,14.158],[20.0632,14.0836],[20.062,14.0824],[20.062,14.0824],[20.056,13.9572],[20.2294,13.8521],[20.2611,13.8331],[20.2683,13.8292],[20.2928,13.7612],[20.295,13.7554],[20.2951,13.7552],[20.279,13.684],[20.2762,13.6721],[20.2756,13.6672],[20.2735,13.6513],[20.2735,13.651],[20.2693,13.6296],[20.2673,13.6144],[20.2672,13.6138],[20.2723,13.5975],[20.2758,13.5865],[20.2854,13.572],[20.2961,13.5536],[20.3051,13.5424],[20.3127,13.5329],[20.3435,13.4652],[20.3511,13.4485],[20.3527,13.4454],[20.3656,13.4196],[20.369,13.3512],[20.3687,13.3432],[20.3685,13.3395],[20.3578,13.0597],[20.3577,13.059],[20.3589,13.0587],[20.447,13.0335],[20.4699,13.0269],[20.4949,13.0196],[20.54,13.012],[20.6129,13.0092],[20.662,13.009],[20.763,13.017],[20.763,12.978],[20.773,12.9322],[20.773,12.932],[20.7642,12.8889],[20.7641,12.8882],[20.7722,12.8874],[20.7909,12.8856],[20.845,12.866],[20.887,12.858],[20.915,12.853],[20.9409,12.8001],[20.941,12.8],[20.9291,12.7524],[20.929,12.752],[20.932,12.694],[21.022,12.658],[21.0865,12.6344],[21.099,12.642],[21.1113,12.6489],[21.139,12.649],[21.224,12.67],[21.269,12.672],[21.313,12.665],[21.358,12.647],[21.387,12.678],[21.4075,12.7047],[21.4158,12.7167],[21.4205,12.7218],[21.44,12.734],[21.484,12.778],[21.539,12.808],[21.598,12.827],[21.645,12.845],[21.681,12.861],[21.743,12.826],[21.776,12.816],[21.8138,12.8078],[21.8151,12.8073],[21.8151,12.8074],[21.8151,12.8075],[21.8151,12.8078],[21.8151,12.808],[21.815,12.8082],[21.8147,12.8111],[21.8146,12.8123],[21.8159,12.819],[21.8167,12.8197],[21.8192,12.8218],[21.8198,12.8223],[21.8291,12.825],[21.8336,12.8273],[21.8365,12.8288],[21.8419,12.8315],[21.8473,12.8388],[21.8493,12.8429],[21.8501,12.8448],[21.8502,12.8451],[21.8504,12.8461],[21.852,12.8547],[21.8522,12.856],[21.8565,12.8791],[21.8566,12.8798],[21.8629,12.8952],[21.8635,12.8967],[21.8643,12.8978],[21.8697,12.9052],[21.8699,12.9055],[21.8786,12.9212],[21.8791,12.9223],[21.8793,12.9229],[21.8804,12.9264],[21.8823,12.9331],[21.8826,12.9373],[21.8827,12.9398],[21.8832,12.9465],[21.8837,12.9478],[21.8889,12.9617],[21.8987,12.9875],[21.8992,12.9887],[21.8999,12.9898],[21.9035,12.9955],[21.9044,12.997],[21.9061,12.9984],[21.9267,13.0158],[21.9278,13.0167],[21.9284,13.0176],[21.9301,13.0202],[21.9301,13.0207],[21.929,13.0293],[21.9289,13.0301],[21.9274,13.0411],[21.9266,13.0473],[21.9266,13.0474],[21.9265,13.0482],[21.9272,13.0492],[21.936,13.0611],[21.9361,13.0612],[21.9361,13.0613],[21.9453,13.0685],[21.9574,13.0719],[21.9604,13.0722],[21.9648,13.0727],[21.9649,13.0727],[21.9654,13.0728],[21.9698,13.0732],[21.9713,13.0734],[21.9737,13.0751],[21.9752,13.0761],[21.981,13.0839],[21.9824,13.0884],[21.9826,13.0887],[21.9838,13.0926],[21.9841,13.0935],[21.9843,13.094],[21.987,13.0976],[21.9882,13.0992],[21.9883,13.0993],[21.9993,13.1079],[22.002,13.11],[22.0027,13.1105],[22.0054,13.1147],[22.0077,13.1218],[22.0096,13.1278],[22.0096,13.1278],[22.0096,13.1279],[22.0084,13.1346],[22.0082,13.1355],[22.0076,13.1388],[22.0074,13.1398],[22.008,13.1404],[22.0103,13.1426],[22.0206,13.1443],[22.0213,13.1445],[22.0267,13.1425],[22.0289,13.1417],[22.0321,13.1415],[22.0419,13.141],[22.0444,13.1412],[22.048,13.1415],[22.0487,13.1416],[22.0583,13.145],[22.0614,13.1446],[22.062,13.1446],[22.0679,13.1438],[22.0688,13.1437],[22.0694,13.144],[22.0748,13.147],[22.0751,13.1472],[22.0752,13.1472],[22.0756,13.1478],[22.0768,13.1494],[22.0772,13.1518],[22.0773,13.1525],[22.0775,13.1541],[22.0776,13.1546],[22.0779,13.1564],[22.0813,13.1603],[22.0843,13.1637],[22.0881,13.1658],[22.0882,13.1658],[22.0882,13.1658],[22.0974,13.1663],[22.0997,13.1664],[22.1085,13.1627],[22.1111,13.1628],[22.1122,13.1632],[22.1354,13.171],[22.1425,13.1794],[22.1439,13.1811],[22.144,13.1816],[22.1448,13.1849],[22.1468,13.1929],[22.1483,13.1989],[22.1493,13.2002],[22.1517,13.2033],[22.1523,13.2035],[22.1636,13.2095],[22.1639,13.2098],[22.175,13.2234],[22.1756,13.2241],[22.1791,13.2285],[22.1796,13.2291],[22.1799,13.2325],[22.1801,13.2346],[22.1812,13.2484],[22.1812,13.2488],[22.1813,13.2488],[22.1861,13.2529],[22.1861,13.2529],[22.1863,13.253],[22.1903,13.2544],[22.1981,13.2571],[22.2007,13.2592],[22.2032,13.2612],[22.2039,13.2631],[22.2078,13.2733],[22.2098,13.2748],[22.2204,13.2767],[22.2215,13.2769],[22.2215,13.2774],[22.2208,13.2833],[22.2229,13.2859],[22.2229,13.2859],[22.2231,13.2861],[22.228,13.2905],[22.2292,13.2911],[22.2294,13.2912],[22.2299,13.2915],[22.2307,13.2934],[22.231,13.294],[22.2341,13.3009],[22.2363,13.3028],[22.2369,13.3028],[22.2422,13.3032],[22.2427,13.3033],[22.2438,13.3034],[22.2439,13.3034],[22.2475,13.3037],[22.2484,13.3041],[22.2508,13.3055],[22.2523,13.3063],[22.2524,13.3071],[22.253,13.3102],[22.2521,13.3122],[22.2515,13.3137],[22.2499,13.3177],[22.2498,13.3178],[22.2499,13.3178],[22.2533,13.3195],[22.2542,13.3199],[22.2571,13.3214],[22.259,13.3223],[22.2599,13.3227],[22.2602,13.3232],[22.2656,13.3317],[22.2662,13.3322],[22.2714,13.3372],[22.2719,13.3374],[22.2779,13.34],[22.2803,13.3411],[22.2809,13.3418],[22.2811,13.3421],[22.2816,13.3427],[22.2813,13.3441],[22.2806,13.3468],[22.28,13.3492],[22.2801,13.3493],[22.2813,13.351],[22.2841,13.3514],[22.2891,13.3521],[22.2904,13.3538],[22.2904,13.3538],[22.2875,13.3661],[22.2867,13.3695],[22.2865,13.3703],[22.2865,13.3708],[22.2864,13.373],[22.2887,13.3753],[22.2888,13.3755],[22.2886,13.377],[22.2884,13.3779],[22.2816,13.391],[22.2816,13.391],[22.2761,13.4016],[22.2754,13.4029],[22.2751,13.4033],[22.2747,13.4036],[22.2617,13.4134],[22.2586,13.4204],[22.2555,13.425],[22.2529,13.4288],[22.2526,13.429],[22.251,13.4302],[22.251,13.4302],[22.2455,13.433],[22.2442,13.4333],[22.243,13.4337],[22.2402,13.4348],[22.2365,13.4399],[22.2347,13.4487],[22.2347,13.449],[22.2333,13.4501],[22.2331,13.4503],[22.2281,13.4529],[22.2235,13.4553],[22.2231,13.4562],[22.2221,13.4582],[22.218,13.4662],[22.2179,13.4664],[22.2176,13.4669],[22.217,13.4698],[22.2167,13.4709],[22.2168,13.4711],[22.2169,13.4722],[22.2169,13.4726],[22.217,13.4738],[22.2173,13.4742],[22.2173,13.4743],[22.2178,13.4752],[22.2212,13.4812],[22.221,13.4853],[22.2208,13.4887],[22.2205,13.493],[22.2205,13.4938],[22.22,13.4952],[22.2194,13.497],[22.2182,13.5003],[22.2167,13.5034],[22.2147,13.5075],[22.2144,13.5082],[22.2134,13.5104],[22.2133,13.5107],[22.2143,13.5162],[22.2147,13.5186],[22.2206,13.5294],[22.2214,13.5309],[22.222,13.532],[22.2243,13.5361],[22.2244,13.5364],[22.2247,13.5381],[22.2257,13.5429],[22.2257,13.543],[22.2257,13.5434],[22.2252,13.5482],[22.2251,13.5487],[22.2244,13.5489],[22.2214,13.55],[22.2156,13.552],[22.2147,13.5523],[22.2087,13.5534],[22.2034,13.5572],[22.2027,13.5576],[22.2024,13.5598],[22.2023,13.5603],[22.2023,13.5606],[22.2016,13.5647],[22.2016,13.5648],[22.2013,13.5651],[22.1965,13.5695],[22.1961,13.5699],[22.193,13.5728],[22.1922,13.5735],[22.1906,13.577],[22.191,13.5789],[22.1915,13.5819],[22.1916,13.5823],[22.1908,13.5828],[22.1852,13.5863],[22.1805,13.5891],[22.1803,13.5892],[22.1751,13.5901],[22.1671,13.5945],[22.166,13.5958],[22.1606,13.6026],[22.1605,13.6027],[22.1527,13.6162],[22.1517,13.6179],[22.1461,13.6249],[22.143,13.6288],[22.1425,13.6295],[22.1421,13.63],[22.142,13.6309],[22.1419,13.6341],[22.1419,13.6343],[22.1419,13.6352],[22.1414,13.645],[22.1413,13.6453],[22.1359,13.6512],[22.1337,13.6537],[22.1286,13.6591],[22.1259,13.6621],[22.1251,13.6653],[22.1241,13.6693],[22.1192,13.6785],[22.1174,13.6805],[22.1148,13.6833],[22.1149,13.6842],[22.1155,13.6878],[22.1179,13.6895],[22.1199,13.6909],[22.1215,13.692],[22.1222,13.6925],[22.1227,13.6928],[22.1264,13.6995],[22.1309,13.7078],[22.1312,13.7083],[22.1312,13.7167],[22.1312,13.7179],[22.1293,13.7225],[22.1238,13.7358],[22.1235,13.736],[22.1234,13.7361],[22.1168,13.7421],[22.114,13.7436],[22.1121,13.7447],[22.1114,13.7468],[22.1112,13.7475],[22.1109,13.7484],[22.1074,13.7538],[22.106,13.7542],[22.1049,13.7545],[22.1037,13.7548],[22.0973,13.7566],[22.0969,13.7567],[22.0963,13.7569],[22.096,13.7573],[22.0935,13.7618],[22.0924,13.7638],[22.0919,13.7643],[22.0911,13.7651],[22.0875,13.769],[22.0838,13.7712],[22.0816,13.7725],[22.0811,13.7726],[22.0804,13.7727],[22.0797,13.7728],[22.0773,13.7732],[22.075,13.7736],[22.0733,13.7764],[22.0724,13.7779],[22.0719,13.7786],[22.0808,13.7889],[22.081,13.7892],[22.0819,13.7902],[22.0963,13.8068],[22.1377,13.8548],[22.1735,13.8921],[22.1864,13.9056],[22.1919,13.9112],[22.1892,13.9119],[22.1712,13.9186],[22.13,13.947],[22.089,13.968],[22.018,13.989],[21.983,14.002],[21.778,14.06],[21.671,14.092],[21.585,14.099],[21.555,14.101],[21.504,14.115],[21.437,14.126],[21.382,14.111],[21.314,14.068],[21.253,14.039],[21.2086,14.0711],[21.197,14.0794],[21.1798,14.0846],[21.142,14.096],[21.11,14.1276],[21.1091,14.1286],[21.1027,14.1312],[21.084,14.139],[21.032,14.142],[21.005,14.153],[20.962,14.197],[20.923,14.25],[20.846,14.32],[20.767,14.367],[20.718,14.379],[20.662,14.395]]]},"properties":{"adm1_name":"Ouaddaï","adm1_name1":null,"adm1_pcode":"TD14","center_lat":13.524007750000001,"center_lon":21.26719233}},{"type":"Feature","geometry":{"type":"Polygon","coordinates":[[[16.9105,22.9911],[16.0,23.4394],[15.0,22.9978],[14.9984,22.9972],[14.9999,22.9915],[15.0,22.991],[15.0065,22.9656],[15.0065,22.9656],[15.0054,22.9605],[15.0054,22.9605],[15.0123,22.9273],[15.0225,22.8789],[15.0258,22.8631],[15.0296,22.8449],[15.029,22.841],[15.0363,22.8028],[15.0455,22.7549],[15.0504,22.729],[15.0699,22.6308],[15.0818,22.5701],[15.0943,22.5067],[15.1144,22.4048],[15.1193,22.384],[15.1196,22.3827],[15.1222,22.3718],[15.1229,22.3655],[15.1237,22.3581],[15.1237,22.3581],[15.1381,22.2881],[15.1423,22.2584],[15.1431,22.2527],[15.1437,22.2485],[15.1438,22.2484],[15.1479,22.2383],[15.1503,22.2137],[15.1651,22.1343],[15.1785,22.0617],[15.179,22.0591],[15.186,22.0217],[15.1881,22.0099],[15.1919,21.9898],[15.1906,21.9787],[15.191,21.9609],[15.193,21.8841],[15.1936,21.8624],[15.194,21.8452],[15.1932,21.797],[15.193,21.7807],[15.1932,21.7789],[15.1944,21.7695],[15.1945,21.7597],[15.1945,21.7579],[15.196,21.6317],[15.1972,21.5322],[15.1948,21.528],[15.1975,21.5145],[15.1975,21.5145],[15.1975,21.5141],[15.1979,21.5062],[15.1984,21.4928],[15.1984,21.4918],[15.1984,21.4913],[15.1998,21.4904],[15.2026,21.4886],[15.271,21.4438],[15.2886,21.4323],[15.2886,21.4323],[15.2887,21.4321],[15.2931,21.4251],[15.2962,21.4199],[15.3012,21.4119],[15.3215,21.3853],[15.3301,21.371],[15.3419,21.3547],[15.3535,21.3388],[15.356,21.3354],[15.3673,21.3198],[15.4026,21.2712],[15.4132,21.2566],[15.4223,21.2439],[15.4431,21.2154],[15.4551,21.1988],[15.4643,21.1859],[15.4729,21.1738],[15.4737,21.1703],[15.4842,21.1595],[15.4995,21.1363],[15.5179,21.111],[15.5939,21.0068],[15.6256,20.9632],[15.6201,20.9577],[15.597,20.9407],[15.5958,20.9397],[15.576,20.9252],[15.5664,20.9154],[15.5611,20.91],[15.552,20.8961],[15.5501,20.8909],[15.5462,20.8804],[15.5488,20.8669],[15.5529,20.8563],[15.5543,20.8529],[15.5547,20.8517],[15.5565,20.8473],[15.5686,20.821],[15.5783,20.8001],[15.5807,20.7947],[15.5901,20.7745],[15.6139,20.7474],[15.618,20.7427],[15.6405,20.7228],[15.6638,20.7052],[15.6968,20.6801],[15.7271,20.6502],[15.7457,20.6296],[15.7565,20.6148],[15.7633,20.6056],[15.7651,20.6031],[15.7711,20.595],[15.7718,20.594],[15.7731,20.5923],[15.791,20.5679],[15.8144,20.5346],[15.8162,20.5301],[15.8316,20.5103],[15.8363,20.5044],[15.8594,20.4708],[15.8652,20.4625],[15.8652,20.4625],[15.8879,20.4418],[15.9197,20.4166],[15.9236,20.4136],[15.9823,20.3605],[15.9863,20.3569],[15.9956,20.3485],[15.9914,20.3414],[15.9814,20.3246],[15.9156,20.2145],[15.9113,20.2072],[15.894,20.1779],[15.8373,20.082],[15.8339,20.0767],[15.8284,20.0678],[15.7861,20.0],[15.7605,19.9589],[15.7562,19.952],[15.7536,19.9478],[15.7535,19.9472],[15.7498,19.9229],[15.7463,19.9121],[15.7458,19.9107],[15.7463,19.9069],[15.7469,19.9018],[15.7469,19.9018],[15.7467,19.8998],[15.7402,19.8438],[15.739,19.8357],[15.7371,19.8227],[15.7314,19.7844],[15.7297,19.7769],[15.7286,19.772],[15.7264,19.7674],[15.7246,19.7637],[15.7276,19.7582],[15.7258,19.7445],[15.7216,19.712],[15.7191,19.6926],[15.7164,19.6867],[15.7153,19.6846],[15.7169,19.6772],[15.7169,19.6772],[15.7168,19.6767],[15.7158,19.6676],[15.713,19.6586],[15.711,19.6519],[15.711,19.6519],[15.7132,19.6494],[15.7132,19.6494],[15.7125,19.6449],[15.7081,19.6176],[15.7049,19.5887],[15.7006,19.5484],[15.7001,19.5465],[15.6981,19.5387],[15.6976,19.5236],[15.6974,19.5178],[15.69,19.4791],[15.6882,19.4636],[15.6808,19.3989],[15.6792,19.385],[15.6787,19.3824],[15.6763,19.3712],[15.6763,19.364],[15.6762,19.359],[15.6735,19.3382],[15.6714,19.3225],[15.6584,19.2245],[15.655,19.2132],[15.6545,19.2115],[15.6536,19.1909],[15.6559,19.1817],[15.6504,19.1626],[15.6403,19.094],[15.6402,19.0932],[15.6399,19.0886],[15.6391,19.0766],[15.6387,19.0705],[15.6343,19.0409],[15.6313,19.0316],[15.6252,18.97],[15.6247,18.9661],[15.6244,18.9633],[15.6153,18.8913],[15.6118,18.8786],[15.612,18.8688],[15.6115,18.8649],[15.6079,18.8382],[15.6025,18.7977],[15.6009,18.7742],[15.5991,18.7687],[15.5983,18.7662],[15.597,18.7517],[15.5961,18.7418],[15.5938,18.7319],[15.593,18.7129],[15.5897,18.6394],[15.5897,18.6388],[15.5897,18.6388],[15.5859,18.6167],[15.5877,18.6121],[15.5877,18.5963],[15.5873,18.5873],[15.5859,18.5574],[15.5839,18.5129],[15.5826,18.4882],[15.5811,18.4611],[15.5745,18.335],[15.5736,18.3189],[15.5726,18.2925],[15.5697,18.2144],[15.5694,18.2102],[15.5693,18.2088],[15.565,18.1464],[15.5626,18.0859],[15.5624,18.0827],[15.5594,18.0063],[15.5594,18.0062],[15.5568,17.9565],[15.5551,17.9263],[15.5543,17.9205],[15.5534,17.9146],[15.5534,17.8838],[15.5533,17.883],[15.5512,17.8562],[15.5526,17.8462],[15.5531,17.8425],[15.5511,17.8307],[15.5504,17.8271],[15.549,17.8006],[15.5488,17.7982],[15.547,17.7646],[15.5444,17.7191],[15.5448,17.7119],[15.5451,17.7076],[15.5449,17.7047],[15.5438,17.6888],[15.5384,17.61],[15.5388,17.6055],[15.5393,17.5999],[15.5383,17.5787],[15.5319,17.4526],[15.5285,17.3854],[15.5255,17.3265],[15.5248,17.3124],[15.5247,17.31],[15.525,17.2921],[15.522,17.2599],[15.5202,17.2413],[15.5216,17.2338],[15.5198,17.2007],[15.5191,17.1874],[15.5184,17.1736],[15.5206,17.1702],[15.5206,17.1702],[15.5184,17.1612],[15.5169,17.1413],[15.5141,17.1017],[15.5138,17.0875],[15.5135,17.0755],[15.5128,17.043],[15.5114,17.027],[15.5098,17.0094],[15.5101,16.9998],[15.5106,16.987],[15.5089,16.9775],[15.5082,16.9736],[15.5091,16.9675],[15.5092,16.9668],[15.5092,16.9663],[15.5083,16.9497],[15.5083,16.9492],[15.5083,16.9491],[15.5083,16.9491],[15.5223,16.9749],[16.5196,18.8204],[18.7751,18.8264],[18.8977,18.6681],[19.1837,18.6493],[19.1912,18.6488],[19.505,18.6531],[19.51,20.0029],[20.4939,20.0008],[20.9839,20.9852],[20.9835,20.9854],[20.9803,20.987],[20.98,20.9871],[19.1863,21.8704],[18.9731,21.9754],[16.9105,22.9911]]]},"properties":{"adm1_name":"Tibesti","adm1_name1":null,"adm1_pcode":"TD22","center_lat":20.192544999999999,"center_lon":18.24598417}},{"type":"Feature","geometry":{"type":"Polygon","coordinates":[[[15.408,11.181],[15.397,11.212],[15.231,11.209],[15.0813,11.121],[15.0338,11.093],[15.0335,11.0922],[15.0335,11.0922],[15.0337,11.0912],[15.0342,11.0883],[15.0348,11.0876],[15.0353,11.0871],[15.0426,11.0857],[15.0451,11.082],[15.0443,11.0804],[15.0432,11.0781],[15.0371,11.0715],[15.0372,11.0707],[15.0377,11.0685],[15.0398,11.0677],[15.0426,11.0666],[15.0439,11.0639],[15.0447,11.0624],[15.0447,11.0624],[15.0437,11.059],[15.043,11.0565],[15.0457,11.0546],[15.0467,11.0539],[15.0517,11.0423],[15.0524,11.0386],[15.0524,11.0386],[15.0521,11.037],[15.0511,11.0297],[15.0518,11.0276],[15.0518,11.0247],[15.0518,11.0231],[15.0518,11.0212],[15.0504,11.02],[15.048,11.0141],[15.0483,11.0136],[15.0488,11.013],[15.0519,11.009],[15.052,11.0069],[15.0521,11.0065],[15.0521,11.0062],[15.0519,11.0056],[15.0505,10.9999],[15.0502,10.999],[15.05,10.9984],[15.0499,10.9981],[15.0499,10.9976],[15.0501,10.9955],[15.0507,10.9944],[15.0508,10.9942],[15.0516,10.9928],[15.0533,10.9909],[15.0544,10.9898],[15.055,10.9892],[15.0578,10.9865],[15.0611,10.9803],[15.0629,10.9664],[15.0668,10.9637],[15.0741,10.9586],[15.0804,10.951],[15.0829,10.948],[15.0839,10.9399],[15.0845,10.9351],[15.0866,10.9135],[15.0885,10.9064],[15.0915,10.895],[15.0921,10.8925],[15.0922,10.8906],[15.0929,10.878],[15.0935,10.8661],[15.0918,10.8636],[15.0886,10.8589],[15.0886,10.8589],[15.086,10.8571],[15.0858,10.8569],[15.0818,10.8541],[15.0818,10.8541],[15.0817,10.8535],[15.0816,10.853],[15.0814,10.8514],[15.0781,10.8489],[15.0746,10.8463],[15.0746,10.8463],[15.0702,10.8387],[15.0701,10.8385],[15.0681,10.8314],[15.0683,10.8114],[15.069,10.8076],[15.0694,10.8054],[15.0752,10.7992],[15.0771,10.7941],[15.0785,10.7906],[15.0792,10.7851],[15.0831,10.7768],[15.0866,10.772],[15.0921,10.7645],[15.0935,10.7625],[15.0944,10.7603],[15.1,10.746],[15.1003,10.7452],[15.101,10.7434],[15.101,10.7434],[15.1029,10.7409],[15.1061,10.7367],[15.108,10.7349],[15.111,10.7322],[15.1162,10.7275],[15.117,10.7268],[15.117,10.7268],[15.1205,10.7212],[15.127,10.7107],[15.1272,10.7097],[15.13,10.7001],[15.1339,10.6962],[15.1367,10.6889],[15.1395,10.6815],[15.1413,10.6748],[15.1432,10.6679],[15.1463,10.661],[15.1494,10.6541],[15.1508,10.6521],[15.1545,10.6465],[15.1575,10.6225],[15.1556,10.6128],[15.1547,10.6078],[15.1524,10.603],[15.1515,10.6011],[15.1488,10.5954],[15.1469,10.5926],[15.1442,10.5887],[15.1439,10.5807],[15.1437,10.5739],[15.1436,10.5721],[15.1434,10.566],[15.1441,10.5512],[15.1444,10.5491],[15.1459,10.5384],[15.1484,10.5349],[15.1498,10.5329],[15.152,10.5298],[15.1594,10.5229],[15.1647,10.5197],[15.1665,10.5186],[15.1708,10.516],[15.1826,10.51],[15.2026,10.5037],[15.2073,10.5026],[15.2086,10.5023],[15.2198,10.494],[15.2228,10.4907],[15.2411,10.4707],[15.2441,10.4645],[15.2456,10.4583],[15.2462,10.4558],[15.2483,10.4472],[15.2515,10.4373],[15.2515,10.4373],[15.2535,10.4355],[15.2605,10.4289],[15.2626,10.427],[15.2629,10.4267],[15.2673,10.4212],[15.2744,10.4135],[15.2811,10.4063],[15.2812,10.4062],[15.2833,10.4014],[15.2831,10.3966],[15.2825,10.3832],[15.2827,10.3653],[15.2827,10.3653],[15.2864,10.36],[15.2864,10.36],[15.2928,10.3555],[15.2934,10.3551],[15.2946,10.3526],[15.2973,10.3473],[15.2951,10.3412],[15.2945,10.3395],[15.2946,10.3393],[15.2961,10.3353],[15.3,10.3325],[15.3075,10.327],[15.31,10.3207],[15.3102,10.3202],[15.3116,10.3166],[15.3116,10.3166],[15.3105,10.3147],[15.3086,10.3114],[15.3089,10.3106],[15.3102,10.3075],[15.311,10.3073],[15.3278,10.3039],[15.3279,10.3039],[15.3297,10.3035],[15.3388,10.2991],[15.3418,10.2967],[15.3448,10.2945],[15.346,10.2941],[15.353,10.2917],[15.3557,10.2908],[15.3557,10.2908],[15.3596,10.2849],[15.3603,10.284],[15.3633,10.2795],[15.3648,10.2763],[15.367,10.2717],[15.367,10.2716],[15.3671,10.2716],[15.3719,10.2662],[15.3784,10.2589],[15.3935,10.2511],[15.4097,10.2301],[15.4155,10.2167],[15.4166,10.2142],[15.4169,10.2138],[15.4205,10.2096],[15.4231,10.209],[15.4236,10.2089],[15.4249,10.2087],[15.433,10.2014],[15.4345,10.2001],[15.4351,10.1996],[15.4381,10.1969],[15.4471,10.1909],[15.4516,10.1879],[15.4543,10.1834],[15.4569,10.1793],[15.4622,10.1598],[15.47,10.1476],[15.4734,10.1445],[15.475,10.1432],[15.4802,10.1386],[15.4816,10.1339],[15.4846,10.124],[15.4862,10.119],[15.4862,10.119],[15.4909,10.1179],[15.4928,10.1175],[15.4934,10.1173],[15.4934,10.1173],[15.5021,10.1122],[15.5054,10.1102],[15.5086,10.1042],[15.5107,10.1003],[15.5122,10.0958],[15.5132,10.0929],[15.5139,10.0906],[15.5139,10.0906],[15.5142,10.0905],[15.5186,10.0883],[15.5214,10.0929],[15.5242,10.0935],[15.5254,10.0938],[15.5295,10.0947],[15.5322,10.0931],[15.5344,10.0919],[15.542,10.0859],[15.5484,10.0808],[15.5538,10.0766],[15.5555,10.0753],[15.5573,10.0739],[15.564,10.0686],[15.5664,10.0662],[15.5713,10.0613],[15.5723,10.0603],[15.5723,10.0602],[15.5807,10.0591],[15.5911,10.0544],[15.5943,10.0517],[15.6019,10.0451],[15.6069,10.0408],[15.6189,10.0424],[15.6189,10.0424],[15.6203,10.041],[15.628,10.034],[15.6291,10.0329],[15.6291,10.0329],[15.6438,10.0277],[15.644,10.0277],[15.6458,10.0271],[15.649,10.0259],[15.649,10.0259],[15.6583,10.0194],[15.6661,10.0138],[15.6752,10.0074],[15.6774,10.0048],[15.679,10.0029],[15.6801,10.0016],[15.6803,10.0014],[15.6803,10.0014],[15.6797,10.0014],[15.6793,10.0014],[15.6793,10.0014],[15.6797,10.0],[15.6814,9.9921],[15.6816,9.9913],[15.6818,9.9906],[15.6818,9.9905],[15.682,9.9897],[15.6825,9.9871],[15.683,9.9864],[15.6837,9.9851],[15.6761,9.9824],[15.659,9.9765],[15.6581,9.9762],[15.6581,9.9762],[15.6434,9.9719],[15.6426,9.9717],[15.6426,9.9717],[15.6397,9.9715],[15.6286,9.9708],[15.6235,9.9699],[15.6005,9.9603],[15.5898,9.9578],[15.5748,9.9556],[15.5685,9.9544],[15.5467,9.9504],[15.5218,9.95],[15.5218,9.95],[15.5124,9.9469],[15.5002,9.943],[15.494,9.9407],[15.4925,9.94],[15.4879,9.938],[15.4696,9.9362],[15.4575,9.9354],[15.4575,9.9354],[15.4492,9.9349],[15.4396,9.9338],[15.435,9.9333],[15.431,9.9341],[15.4299,9.9343],[15.4278,9.9353],[15.4258,9.9364],[15.42,9.9393],[15.4086,9.9421],[15.3711,9.9586],[15.3656,9.9605],[15.3514,9.9655],[15.3458,9.9663],[15.339,9.9704],[15.3379,9.9711],[15.3379,9.9711],[15.3375,9.9712],[15.3286,9.9739],[15.3286,9.973],[15.319,9.9728],[15.3168,9.9728],[15.3098,9.9744],[15.3051,9.977],[15.3047,9.9772],[15.3007,9.9779],[15.2822,9.9814],[15.268,9.9852],[15.2639,9.9863],[15.2543,9.9899],[15.2512,9.9911],[15.2361,9.9964],[15.2341,9.9937],[15.2294,9.9873],[15.2292,9.9871],[15.2292,9.9871],[15.2126,9.9645],[15.2083,9.9651],[15.204,9.9657],[15.1895,9.9708],[15.1894,9.9708],[15.1894,9.9708],[15.1884,9.9717],[15.1843,9.9754],[15.1825,9.9764],[15.1614,9.9884],[15.1602,9.9891],[15.1595,9.9895],[15.1499,9.9924],[15.1457,9.9937],[15.1428,9.9946],[15.1428,9.9946],[15.1383,9.9946],[15.1328,9.9946],[15.132,9.9941],[15.1194,9.9866],[15.1189,9.9863],[15.1182,9.9859],[15.1182,9.9859],[15.1158,9.9848],[15.1115,9.9829],[15.1104,9.9816],[15.1094,9.9802],[15.1091,9.9798],[15.109,9.9797],[15.107,9.977],[15.1067,9.969],[15.1066,9.9675],[15.1066,9.9671],[15.1065,9.967],[15.1015,9.9639],[15.0922,9.9642],[15.0903,9.9643],[15.0868,9.9645],[15.0836,9.9646],[15.0831,9.9647],[15.0715,9.9671],[15.0669,9.9667],[15.0603,9.9702],[15.0576,9.9715],[15.0553,9.9716],[15.0513,9.9718],[15.0447,9.9755],[15.0365,9.9801],[15.0329,9.9844],[15.0293,9.9886],[15.0233,9.9923],[15.0182,9.9955],[15.009,9.999],[15.0064,10.0],[15.0059,10.0002],[15.0029,10.0013],[15.0015,10.0013],[15.0,10.0012],[14.9941,10.0011],[14.9855,10.0011],[14.9829,10.0],[14.9682,9.9937],[14.9495,9.9858],[14.9495,9.9857],[14.946,9.985],[14.934,9.9823],[14.9303,9.9823],[14.9282,9.9823],[14.9191,9.9798],[14.9026,9.9683],[14.891,9.9619],[14.8898,9.9609],[14.8896,9.9608],[14.8893,9.9606],[14.8764,9.9502],[14.8696,9.9415],[14.8678,9.9409],[14.8669,9.9406],[14.8641,9.9381],[14.8627,9.9369],[14.8474,9.9284],[14.836,9.9245],[14.8163,9.9247],[14.7991,9.9277],[14.7989,9.9278],[14.7983,9.9281],[14.7975,9.9285],[14.7945,9.9302],[14.7919,9.9316],[14.791,9.9321],[14.7819,9.9344],[14.7737,9.9391],[14.7706,9.9409],[14.7644,9.9433],[14.7625,9.9441],[14.7613,9.9451],[14.7562,9.9492],[14.752,9.9494],[14.7467,9.9496],[14.7356,9.9505],[14.7281,9.951],[14.7281,9.951],[14.7244,9.9513],[14.7319,9.9349],[14.7319,9.9349],[14.7319,9.9349],[14.7416,9.916],[14.7396,9.9045],[14.7373,9.8995],[14.735,9.8945],[14.7262,9.8842],[14.7256,9.8799],[14.7259,9.8742],[14.7259,9.8742],[14.7276,9.8732],[14.7326,9.8704],[14.7346,9.8645],[14.7332,9.8593],[14.7324,9.8585],[14.7283,9.8542],[14.7262,9.852],[14.7241,9.8467],[14.723,9.8435],[14.7212,9.8389],[14.724,9.8312],[14.7282,9.8226],[14.7341,9.8201],[14.735,9.809],[14.7372,9.7951],[14.7377,9.7922],[14.7379,9.7863],[14.7381,9.7805],[14.7383,9.774],[14.742,9.7567],[14.7441,9.7449],[14.746,9.7337],[14.7473,9.7286],[14.7486,9.7236],[14.7475,9.7156],[14.7469,9.7118],[14.7455,9.7017],[14.7455,9.7017],[14.7458,9.6987],[14.7463,9.6936],[14.7471,9.6856],[14.749,9.6698],[14.7665,9.6644],[14.7673,9.6641],[14.7703,9.6646],[14.7932,9.6682],[14.8055,9.6681],[14.8178,9.668],[14.8419,9.6759],[14.8447,9.6756],[14.8605,9.6739],[14.8627,9.6745],[14.878,9.6784],[14.8909,9.6818],[14.8991,9.6856],[14.9072,9.6894],[14.9256,9.695],[14.9304,9.6965],[14.9331,9.6967],[14.9501,9.6984],[14.9608,9.6923],[14.9663,9.6891],[14.97,9.6881],[14.9898,9.683],[14.994,9.6786],[14.9982,9.6742],[15.0143,9.6672],[15.0179,9.6656],[15.0233,9.6642],[15.034,9.6615],[15.0383,9.6579],[15.0446,9.6494],[15.0461,9.6454],[15.0473,9.641],[15.0474,9.6396],[15.0475,9.6364],[15.0471,9.6332],[15.0466,9.6295],[15.0419,9.6233],[15.0383,9.6186],[15.0291,9.6107],[15.0291,9.6107],[15.0279,9.6067],[15.0264,9.6008],[15.0272,9.5965],[15.0299,9.5949],[15.0362,9.5911],[15.041,9.5857],[15.0487,9.5716],[15.0577,9.5633],[15.0705,9.5592],[15.0742,9.5518],[15.0809,9.5418],[15.0838,9.5341],[15.0881,9.5212],[15.0869,9.5063],[15.086,9.4969],[15.0875,9.4907],[15.0875,9.4906],[15.0876,9.4902],[15.0878,9.486],[15.0885,9.4816],[15.092,9.4775],[15.092,9.4724],[15.0918,9.4683],[15.0906,9.4634],[15.0895,9.4594],[15.0879,9.4533],[15.0879,9.4532],[15.0886,9.4458],[15.0892,9.4397],[15.0893,9.4385],[15.0924,9.4352],[15.0999,9.427],[15.1008,9.4236],[15.1015,9.4209],[15.1023,9.4181],[15.1039,9.412],[15.1115,9.4014],[15.1205,9.3939],[15.1288,9.3758],[15.1311,9.3726],[15.1337,9.3678],[15.135,9.3655],[15.1379,9.3573],[15.1432,9.3532],[15.1523,9.3461],[15.1818,9.3246],[15.2057,9.3137],[15.2139,9.31],[15.2416,9.2961],[15.2445,9.2947],[15.27,9.2713],[15.2818,9.2659],[15.2937,9.2604],[15.3066,9.2554],[15.3242,9.2485],[15.3319,9.2445],[15.3376,9.2415],[15.3377,9.2415],[15.3499,9.2375],[15.3499,9.2375],[15.3557,9.2304],[15.3561,9.2299],[15.3562,9.2298],[15.3622,9.2271],[15.3632,9.2269],[15.3661,9.2261],[15.3676,9.2257],[15.3697,9.225],[15.3754,9.2238],[15.3786,9.2224],[15.3854,9.2191],[15.3865,9.2185],[15.3923,9.2141],[15.3923,9.2141],[15.4002,9.2115],[15.411,9.2075],[15.4111,9.2075],[15.4118,9.2077],[15.421,9.21],[15.4211,9.2101],[15.445,9.242],[15.475,9.289],[15.484,9.319],[15.521,9.364],[15.5339,9.3806],[15.5474,9.3967],[15.5551,9.4061],[15.5854,9.4382],[15.5885,9.4415],[15.6056,9.4559],[15.6111,9.4604],[15.6146,9.4634],[15.619,9.4668],[15.665,9.504],[15.675,9.525],[15.6755,9.5278],[15.6782,9.544],[15.682,9.586],[15.714,9.602],[15.7254,9.6666],[15.7266,9.673],[15.7273,9.6763],[15.755,9.708],[15.7939,9.7247],[15.7981,9.7186],[15.8026,9.7165],[15.8084,9.7158],[15.8218,9.715],[15.8414,9.7169],[15.8541,9.7129],[15.8654,9.7113],[15.8803,9.7018],[15.8892,9.6761],[15.8931,9.673],[15.9145,9.6558],[15.9237,9.655],[15.9328,9.6542],[15.9598,9.661],[15.9699,9.6656],[15.9809,9.673],[15.9977,9.6843],[16.0325,9.7019],[16.0675,9.7405],[16.0945,9.7612],[16.0967,9.7642],[16.1064,9.7772],[16.138,9.8104],[16.1536,9.8397],[16.16,9.8519],[16.1663,9.8641],[16.1853,9.8858],[16.2017,9.911],[16.2179,9.9487],[16.2291,9.9835],[16.2455,10.0065],[16.263,10.031],[16.243,10.086],[16.2422,10.1057],[16.241,10.134],[16.238,10.1799],[16.2117,10.1974],[16.2016,10.2042],[16.1979,10.2069],[16.1963,10.2092],[16.1871,10.2275],[16.174,10.265],[16.1518,10.2821],[16.129,10.314],[16.123,10.382],[16.121,10.465],[16.149,10.707],[16.1395,10.7406],[16.1249,10.7577],[16.117,10.767],[16.048,10.752],[15.996,10.779],[15.9319,10.7783],[15.907,10.778],[15.872,10.79],[15.84,10.795],[15.745,10.825],[15.7041,10.8608],[15.7006,10.8638],[15.6957,10.8676],[15.685,10.873],[15.6728,10.8791],[15.6706,10.881],[15.649,10.899],[15.613,10.902],[15.544,10.94],[15.5383,10.9641],[15.533,10.974],[15.505,11.006],[15.475,11.022],[15.438,11.061],[15.421,11.114],[15.408,11.181]]]},"properties":{"adm1_name":"Mayo-Kebbi Est","adm1_name1":null,"adm1_pcode":"TD11","center_lat":10.21168962,"center_lon":15.806868010000001}}]}